dataset,base_p2,p3_kernel,p2b_kernel,p3_speedup,p2b_speedup
sat_10pipe_d,0.0324287,0.00614256,0.00381715,5.279346070693652,8.495526767352604
sat_10pipe,0.0411051,0.0235694,0.0438909,1.7440028172121478,0.9365289843680581
sat_10pipe_p,0.0180093,0.0132481,0.023148,1.3593873838512691,0.7780067392431311
sat_11pipe_d,1.03584,0.0830964,0.0077361,12.465521972070993,133.89692480707333
sat_11pipe,0.0690109,0.0443126,0.0825824,1.5573651737880423,0.8356611093889255
sat_11pipe_p,0.0414334,0.0265348,0.0476957,1.561473988874987,0.8687030487025036
sat_11pipe_kd,0.046076,0.0102408,0.00594752,4.499257870478869,7.747094587323791
sat_11pipe_k,0.0472472,0.032879,0.0641195,1.4370023419203748,0.7368616411544071
sat_11pipe_kp,0.0275988,0.0203753,0.034258,1.354522387400431,0.8056162064335338
sat_6s10_d,0.00277546,0.00110077,0.00132294,2.521380488203712,2.0979485086247296
sat_6s10,0.00077088,0.00116547,0.00225987,0.6614327267111123,0.34111696690517596
sat_6s10_p,0.000926752,0.00115414,0.00213763,0.8029805742804167,0.4335418196788031
sat_6s11_d,0.00303382,0.00130781,0.00178637,2.319771220590147,1.6983155785195676
sat_6s11,0.000777376,0.00110352,0.00228752,0.7044512106713063,0.33983353151010703
sat_6s11_p,0.00117523,0.00127069,0.00243408,0.9248754613635111,0.4828230789456386
sat_6s12_d,0.0031607,0.00119299,0.00139478,2.64939354059967,2.2660921435638595
sat_6s12,0.000760064,0.00129834,0.00279597,0.5854121416578092,0.2718426878686109
sat_6s12_p,0.00102688,0.00117696,0.0022847,0.8724850462207722,0.4494594476298857
sat_130_d,0.00284822,0.00141658,0.00238374,2.0106312386169507,1.1948534655625194
sat_130,0.00127574,0.00162224,0.00319709,0.7864064503402702,0.39903161937887266
sat_130_p,0.00105827,0.00153219,0.00313206,0.6906911022784381,0.33788305460304086
sat_131_d,0.00306634,0.00144342,0.00237843,2.124357428884178,1.2892286087881502
sat_131,0.00137472,0.00164995,0.00332134,0.8331888845116519,0.41390523102121435
sat_131_p,0.00100755,0.00148845,0.00305754,0.6769122241257685,0.3295296218528621
sat_133_d,0.0036552,0.00129594,0.00161562,2.820500949118015,2.2624131912207077
sat_133,0.00119206,0.00124426,0.00279734,0.9580473534470287,0.4261405478061301
sat_133_p,0.0010112,0.00132723,0.00271834,0.7618875402153358,0.3719917302471361
sat_153_d,0.00253085,0.00161635,0.00269795,1.5657809261607945,0.938064085694694
sat_153,0.00143613,0.00179251,0.00394045,0.8011838148741152,0.36445837404357373
sat_153_p,0.00148682,0.00210029,0.00436064,0.7079117645658457,0.34096371174873413
sat_16_d,0.0030816,0.00126368,0.00214733,2.4385920486199035,1.4350845002864023
sat_16,0.000729824,0.00126624,0.0028297,0.5763709881223149,0.2579156801074319
sat_16_p,0.000727808,0.00132435,0.0032511,0.5495586514139013,0.22386515333271817
sat_184_d,0.00331619,0.0013033,0.00179152,2.5444563799585667,1.8510482718585335
sat_184,0.000741824,0.0010663,0.00225632,0.6956991465816373,0.3287760601333144
sat_184_p,0.000772544,0.00131725,0.00233158,0.5864824444866198,0.3313392635037185
sat_9_d,0.00405536,0.00134515,0.00158643,3.0148013232724975,2.5562804535970702
sat_9,0.000854368,0.00120714,0.00243434,0.7077621485494641,0.3509649432700444
sat_9_p,0.000871616,0.00104384,0.00207434,0.8350091968117718,0.4201895542678635
sat_9dlx_d,0.150422,0.00432467,0.00318973,34.78230708932705,47.15822342329915
sat_9dlx,0.0131985,0.0101212,0.0215477,1.3040449749041616,0.6125247706251712
sat_9dlx_p,0.00858726,0.00723494,0.0123459,1.186915164465773,0.695555609554589
sat_bug7,0.173882,0.0839558,0.247259,2.071113609780385,0.7032383047735371
sat_bug8_d,12.0732,0.208962,0.0315069,57.77701208832227,383.1922531255059
sat_bug8,0.175025,0.0840093,0.236729,2.083400290205965,0.7393475239619987
sat_bug8_p,0.193523,0.101667,0.227331,1.903498677053518,0.8512829310564771
sat_aaai_d,0.000882112,0.00113933,0.0020159,0.7742374904549164,0.43757726077682424
sat_aaai,0.00257578,0.0025889,0.00570176,0.9949322105913709,0.45175173981367156
sat_aaai_p,0.00249622,0.00308819,0.00575782,0.8083116647615592,0.4335356089631145
sat_ACG_10p_d,0.00522624,0.0045032,0.0132523,1.1605613785752356,0.3943647517789365
sat_ACG_10p,0.0105634,0.00880675,0.0246656,1.199466318448917,0.4282644654903996
sat_ACG_10p_p,0.0101754,0.00970048,0.0239368,1.0489584020584548,0.4250944152936065
sat_ACG_5p0_d,0.00445261,0.00416461,0.0111195,1.0691541344807798,0.4004325734070777
sat_ACG_5p0,0.00975709,0.00774941,0.0229019,1.2590752070157598,0.4260384509582174
sat_ACG_5p0_p,0.00932733,0.00820682,0.0197986,1.1365340046449173,0.47111058357661656
sat_ACG_5p1_d,0.0043024,0.00358304,0.0107104,1.200768062873984,0.40170301762772626
sat_ACG_5p1,0.00966934,0.0085352,0.0236796,1.1328779641953324,0.40834051250865727
sat_ACG_5p1_p,0.00933686,0.00866326,0.0199144,1.0777536400846794,0.4688496766159162
sat_01_d,0.00057584,0.000668544,0.000810112,0.8613344820984109,0.7108152946753041
sat_01,0.000688608,0.00065008,0.000846176,1.059266551809008,0.8137881480921226
sat_01_p,0.000701312,0.00117322,0.00155702,0.5977668297506009,0.4504193908877214
sat_27_d,0.00373411,0.00104922,0.0009792,3.558939021368255,3.8134293300653597
sat_27,0.000477344,0.000697504,0.00117843,0.6843602330595953,0.40506775964630903
sat_27_p,0.000410208,0.000954784,0.00133629,0.429634346616617,0.3069752823114743
sat_enc1_opt1_05_d,0.0018769,0.00185821,0.0025888,1.0100580666340189,0.7250077255871445
sat_enc1_opt1_05,0.00347174,0.00356192,0.00684611,0.9746821938729674,0.5071113376793537
sat_enc1_opt1_05_p,0.00378058,0.00364374,0.00598717,1.0375548200475335,0.6314469106439269
sat_enc1_opt1_10_d,0.0012465,0.00145226,0.00271894,0.8583173811851873,0.4584507197657911
sat_enc1_opt1_10,0.00137885,0.00205763,0.00399315,0.6701156184542411,0.3453038328136935
sat_enc1_opt1_10_p,0.0015855,0.00267872,0.00439741,0.5918871699916378,0.3605531437823628
sat_enc1_opt1_15_d,0.00216454,0.00217424,0.00320384,0.995538670983884,0.6756080203755493
sat_enc1_opt1_15,0.00442,0.00438403,0.00843834,1.0082047796205775,0.5237997046812525
sat_enc1_opt1_15_p,0.00503325,0.00483197,0.00799773,1.041655887764204,0.629334823756241
sat_enc1_opt2_4_d,0.00119565,0.00106474,0.00102531,1.1229502038056238,1.1661351201100154
sat_enc1_opt2_4,0.00238157,0.00271955,0.0044152,0.875722086374584,0.5394025185722051
sat_enc1_opt2_4_p,0.00271062,0.00665299,0.00411088,0.4074288402658053,0.6593770676838049
sat_enc1_opt2_12_d,0.000789632,0.000862496,0.000969696,0.9155196082068786,0.8143088143088142
sat_enc1_opt2_12,0.000788768,0.00116685,0.00195456,0.6759806316150319,0.40355271774721674
sat_enc1_opt2_12_p,0.000907008,0.00128698,0.00177357,0.704756872678674,0.5114024256161301
sat_enc1_opt2_16_d,0.00074688,0.000928384,0.00108714,0.8044946918516476,0.6870136320989018
sat_enc1_opt2_16,0.000813728,0.00160845,0.00230288,0.5059081724641736,0.3533523240464114
sat_enc1_opt2_16_p,0.000926464,0.00115562,0.00174605,0.8017029819490836,0.5306056527590848
sat_enc2_opt1_05_d,0.00186362,0.00171101,0.00240973,1.0891929328291476,0.7733729504965287
sat_enc2_opt1_05,0.00331693,0.0035807,0.00708035,0.9263356326975173,0.46846977903634707
sat_enc2_opt1_05_p,0.00355245,0.00373376,0.00607056,0.9514403711004457,0.5851931288052502
sat_enc2_opt1_15_d,0.0019856,0.00199421,0.00271667,0.9956825008399316,0.7308948087180261
sat_enc2_opt1_15,0.00372029,0.0039417,0.00754342,0.943828804830403,0.4931834632036927
sat_enc2_opt1_15_p,0.0041216,0.00404413,0.00665654,1.0191561596684577,0.6191805352330189
sat_enc3_opt1_50_d,0.0226178,0.0173058,0.0383851,1.306949115325498,0.5892338433402544
sat_enc3_opt1_50,0.0516593,0.0302614,0.0883325,1.7071021168881808,0.5848277813941641
sat_enc3_opt1_50_p,0.0540515,0.0355317,0.0926024,1.521219080426774,0.5836943750917903
sat_enc3_opt2_21_d,0.0192943,0.0151529,0.0370922,1.2733074197018392,0.5201713567812101
sat_enc3_opt2_21,0.0450731,0.0287039,0.0768601,1.5702779064865748,0.5864304105771395
sat_enc3_opt2_21_p,0.0547654,0.0302678,0.0820538,1.809361763986811,0.6674328306550092
sat_enc3_opt2_12_d,0.0159449,0.0126694,0.0294283,1.2585363158476328,0.5418219876785272
sat_enc3_opt2_12,0.0363027,0.0250843,0.064529,1.447227947361497,0.5625796153667343
sat_enc3_opt2_12_p,0.0379897,0.0255605,0.0591803,1.4862659181158429,0.6419315211311872
sat_enc3_opt2_14_d,0.0160587,0.0124565,0.0291365,1.289182354593987,0.5511540507610728
sat_enc3_opt2_14,0.0375969,0.0256507,0.0660261,1.4657260815494315,0.569424818367282
sat_enc3_opt2_14_p,0.0380568,0.025646,0.0621966,1.4839273181002888,0.6118791059318356
sat_blocks_d,0.0401692,0.0177931,0.0296252,2.257571755343364,1.3559132090247492
sat_blocks,0.110582,0.0669758,0.146947,1.6510739700011048,0.7525298236779248
sat_blocks_p,0.134145,0.0840308,0.16236,1.5963789467671377,0.8262195121951218
sat_bob-opt_d,0.00133299,0.0011001,0.00201597,1.211698936460322,0.6612151966547121
sat_bob-opt,0.000925536,0.00146778,0.00321206,0.6305686138249602,0.2881440570848614
sat_bob-opt_p,0.00123795,0.00147216,0.00304003,0.8409072383436583,0.4072163761541827
sat_bob_d,0.000523744,0.000973984,0.00159126,0.5377336794033578,0.32913791586541485
sat_bob,0.000690624,0.00109075,0.00204234,0.6331643364657347,0.33815329475013955
sat_bob_p,0.000578144,0.000888608,0.00177946,0.6506175951600706,0.3248985647331213
sat_c10_d,0.0054999,0.00201187,0.00300813,2.7337253401064685,1.82834518454987
sat_c10,0.00392819,0.00368285,0.00846042,1.0666168863787555,0.46430200864732485
sat_c10_p,0.0031248,0.00321811,0.00712403,0.9710047201618341,0.43862813604097683
sat_count_d,0.000372448,0.00116995,0.00149392,0.31834522842856533,0.2493091999571597
sat_count,0.000513344,0.00104941,0.00216134,0.48917391677228156,0.2375119139052625
sat_count_p,0.000510816,0.00111136,0.00182662,0.4596314425568672,0.27965093998751794
sat_ctl_d,0.000421024,0.00054912,0.000692512,0.7667249417249418,0.6079663601497157
sat_ctl,0.00108432,0.00204925,0.00293712,0.5291301695742345,0.36917797025657784
sat_ctl_p,0.00143062,0.0016896,0.00241251,0.8467211174242424,0.5930006507745046
sat_ctl_5_d,0.000891424,0.000972864,0.00128688,0.9162884020788106,0.6927017282108666
sat_ctl_5,0.00189203,0.00182272,0.00325658,1.0380255881320226,0.5809868021052761
sat_ctl_5_p,0.00280237,0.00256333,0.00401059,1.0932536973390083,0.6987425790220393
sat_dated_11_d,0.00190035,0.00190256,0.0046783,0.9988384071987217,0.4062052454951585
sat_dated_11,0.00334864,0.00331382,0.00812778,1.0105075109692139,0.41199934053333137
sat_dated_11_p,0.00369859,0.00363821,0.0081247,1.0165960733437598,0.45522788533730474
sat_dated_17_d,0.00317837,0.00295613,0.00815584,1.0751793730316326,0.38970480048652256
sat_dated_17,0.00644646,0.00552451,0.0151557,1.1668835788151348,0.42534887863971976
sat_dated_17_p,0.00695408,0.00595709,0.0143876,1.1673619166405074,0.4833384303149934
sat_E02F20_d,0.00757747,0.00147072,0.000762112,5.15221796127067,9.942724953812563
sat_E02F20,0.00223584,0.00195696,0.00287971,1.1425067451557516,0.7764115136593615
sat_E02F20_p,0.00224646,0.00182531,0.00267328,1.2307279311459425,0.8403384606176681
sat_E02F22_d,0.0343535,0.00831402,0.00166499,4.131996314658854,20.632856653793716
sat_E02F22,0.00620992,0.00416666,0.00673322,1.4903831846130953,0.9222808700740508
sat_E02F22_p,0.0065583,0.00434144,0.00676986,1.5106278101275152,0.9687497230371087
sat_gss-18_d,0.000344736,0.000809152,0.00155226,0.4260460333781539,0.22208650612655098
sat_gss-18,0.000630336,0.000932512,0.0021791,0.6759548402594283,0.289264375200771
sat_gss-18_p,0.000786912,0.00126976,0.00259926,0.6197328629032258,0.3027446273170056
sat_gss-19_d,0.000363616,0.000821472,0.00162813,0.44263955436095204,0.22333351759380393
sat_gss-19,0.000647008,0.000846112,0.00193693,0.7646836352634167,0.3340378846938196
sat_gss-19_p,0.000707232,0.00119088,0.0024176,0.5938734381297863,0.29253474520185313
sat_gss-20_d,0.000379904,0.00089824,0.00166938,0.42294264339152116,0.22757191292575685
sat_gss-20,0.000698784,0.000978336,0.00211859,0.7142576783436366,0.3298344653755564
sat_gss-20_p,0.000875072,0.00103712,0.00223766,0.8437519284171551,0.39106566681265253
sat_gss-22_d,0.000377536,0.000879456,0.0016559,0.4292835571080304,0.22799444410894376
sat_gss-22,0.000771456,0.00110288,0.00240781,0.6994922385028289,0.3203973735469161
sat_gss-22_p,0.000709728,0.00119552,0.00244365,0.5936563169164881,0.29043766496838747
sat_k45_d,0.00193875,0.00318858,0.00551613,0.6080292794911841,0.3514692365843444
sat_k45,0.00297907,0.00308842,0.00739098,0.9645935462145692,0.4030683346457438
sat_k45_p,0.00254016,0.0030865,0.00606762,0.8229904422485016,0.41864190572250737
sat_itox_d,0.0451161,0.00328282,0.00491056,13.743092828726521,9.187567202111369
sat_itox,0.00329472,0.00358813,0.00919395,0.9182276004492591,0.358357398071558
sat_itox_p,0.00269728,0.00323254,0.00754528,0.8344150420412431,0.35747911276983757
sat_k2fix_d,0.00090688,0.00088816,0.00110144,1.0210772833723654,0.8233585124927368
sat_k2fix,0.00251056,0.00261299,0.00472147,0.9607996968989548,0.5317327018915718
sat_k2fix_p,0.0035745,0.00350707,0.00582374,1.019226875996202,0.6137808349960678
sat_manol_c10_i_d,0.00853456,0.00325328,0.00615405,2.623370874932376,1.38682006158546
sat_manol_c10_i,0.00760253,0.00646186,0.0164343,1.1765234777602733,0.46260138855929367
sat_manol_c10_i_p,0.00690419,0.00651651,0.0145584,1.0594919673260688,0.4742409880206616
sat_manol_c10_d,0.0108164,0.00556454,0.0132759,1.9438084729375655,0.8147394903547029
sat_manol_c10,0.0102686,0.00891616,0.0312725,1.1516841330797114,0.3283587816771924
sat_manol_c10_p,0.0116132,0.0107609,0.0278875,1.0792034123539853,0.41643030031376066
sat_manol_c8_d,0.00381552,0.00200166,0.00595597,1.9061778723659362,0.6406210911069062
sat_manol_c8,0.00696547,0.00596346,0.0149652,1.1680249385423898,0.4654444979017988
sat_manol_c8_p,0.00711651,0.00609626,0.0143777,1.167356707227054,0.4949685972026124
sat_manol_g10_i_d,0.00834925,0.0026944,0.00634803,3.098741834916865,1.3152505580471423
sat_manol_g10_i,0.00650806,0.00563926,0.0211678,1.154062767100648,0.30745093963472825
sat_manol_g10_i_p,0.00889146,0.00673968,0.0157253,1.3192703511145931,0.5654238710867201
sat_MD5-28-1_d,0.000273984,0.000842336,0.0010352,0.3252668768757361,0.2646676970633694
sat_MD5-28-1,0.000814816,0.00139946,0.00198102,0.5822360053163363,0.4113113446608313
sat_MD5-28-1_p,0.000802912,0.00124848,0.0016785,0.6431116237344612,0.47835090854929996
sat_MD5-28-2_d,0.000293024,0.000869536,0.00103949,0.33698892282780707,0.2818920816939076
sat_MD5-28-2,0.000808224,0.00140278,0.00195594,0.5761587704415517,0.41321512929844467
sat_MD5-28-2_p,0.00080896,0.00108288,0.00152499,0.7470449172576832,0.5304690522560803
sat_MD5-28-4_d,0.000292384,0.00083568,0.00104941,0.349875550449933,0.27861750888594544
sat_MD5-28-4,0.000832448,0.00141456,0.0022111,0.5884854654450854,0.3764859119895074
sat_MD5-28-4_p,0.00081776,0.00124026,0.00170224,0.659345621079451,0.48040229344863233
sat_MD5-29-4_d,0.00027536,0.000850496,0.0010487,0.3237640153510422,0.2625727090683703
sat_MD5-29-4,0.000855296,0.00122266,0.00195584,0.6995370749022622,0.437303664921466
sat_MD5-29-4_p,0.000835072,0.00087888,0.00132819,0.9501547423994174,0.6287293233648801
sat_MD5-30-4_d,0.000271264,0.000996736,0.00114218,0.2721523051239245,0.2374967168047068
sat_MD5-30-4,0.000906496,0.000983968,0.00163875,0.9212657322189339,0.5531630816170862
sat_MD5-30-4_p,0.000875968,0.00124845,0.00183827,0.7016444391044896,0.47651759534779986
sat_MD5-30-5_d,0.000271744,0.000863168,0.0011273,0.31482168013642764,0.2410573937727313
sat_MD5-30-5,0.000904928,0.000979648,0.00162771,0.9237277062781734,0.5559516130023161
sat_MD5-30-5_p,0.0008848,0.0012073,0.00170454,0.7328750103536819,0.5190843277365155
sat_min_d,0.00312426,0.00337158,0.00716742,0.9266456676098446,0.4358974358974359
sat_min,0.00598435,0.00559891,0.0145078,1.0688419710265034,0.41249190090847687
sat_min_p,0.00531462,0.00511882,0.0123739,1.0382510031608847,0.4295024204171684
sat_p30_d,0.00674054,0.00479693,0.0121652,1.4051778950286955,0.554083779962516
sat_p30,0.0127417,0.0098904,0.0323548,1.2882896546145757,0.3938117373619988
sat_p30_p,0.0137734,0.0115214,0.0287583,1.1954623570052252,0.47893651571894025
sat_p30_NOT_d,0.00210582,0.00202253,0.00335101,1.041181094965217,0.6284135230870692
sat_p30_NOT,0.00378074,0.00410464,0.00850416,0.921089303812271,0.444575360764614
sat_p30_NOT_p,0.00448627,0.00436989,0.00938941,1.0266322493243536,0.4778010545923545
sat_non_p30_d,0.00663018,0.00483424,0.0121517,1.3715041040577216,0.5456174856192961
sat_non_p30,0.0123095,0.00990605,0.0279908,1.242624456771367,0.43976949569144147
sat_non_p30_p,0.0137503,0.0114504,0.0286513,1.2008576119611543,0.47991888675208455
sat_post_d,0.00439232,0.0037488,0.00789792,1.171660264618011,0.556136299177505
sat_post,0.00838314,0.00652058,0.0173729,1.2856433016694835,0.4825411992240789
sat_post_p,0.00718086,0.00596589,0.0138323,1.2036527659745655,0.5191370921683306
sat_post-ee_d,0.0045393,0.00384246,0.00768125,1.1813525710091972,0.5909585028478438
sat_post-ee,0.00800403,0.00651494,0.0166023,1.2285654204029508,0.4821036844292658
sat_post-ee_p,0.0063503,0.00534387,0.0130075,1.1883335485331792,0.4882029598308668
sat_L100_d,0.881381,0.01423,0.0103668,61.938229093464514,85.01958174171392
sat_L100,0.0192215,0.015318,0.0300789,1.2548309178743962,0.6390360019814554
sat_L100_p,0.0170924,0.0139063,0.0268436,1.229111985215334,0.6367402285833496
sat_L150_d,1.96195,0.0260762,0.0169331,75.23910692508878,115.86478553838342
sat_L150,0.034732,0.023002,0.0448901,1.5099556560299103,0.7737117983697964
sat_L150_p,0.0309376,0.021386,0.0378727,1.4466286355559712,0.8168839295851629
sat_L200_d,3.48514,0.0421921,0.0290987,82.60171927920155,119.76961170086635
sat_L200,0.0543308,0.033088,0.0639812,1.6420091876208898,0.8491681931567397
sat_L200_p,0.0418808,0.0294234,0.0538006,1.4233841092463824,0.7784448500574344
sat_L80_d,0.563119,0.010897,0.0086992,51.67651647242361,64.7322742321133
sat_L80,0.0139201,0.012254,0.0231052,1.1359637669332463,0.6024661115246784
sat_L80_p,0.0115142,0.00973632,0.0169652,1.1826028725432196,0.6786952113738712
sat_k100_1d,0.0181784,0.0120082,0.0388395,1.5138322146533203,0.4680389809343581
sat_k100_1,0.0391638,0.025385,0.0949754,1.5427929879850304,0.4123573051548085
sat_k100_1p,0.035801,0.0223782,0.0755161,1.5998158922522812,0.47408433433400293
sat_k100_2d,0.0174404,0.0114478,0.0407769,1.5234717587658766,0.4277029396545594
sat_k100_2,0.0394322,0.024986,0.0943946,1.578171776194669,0.4177378790735911
sat_k100_2p,0.0363087,0.0232433,0.0847732,1.5621146739060288,0.4283039922994531
sat_k70_d,0.0126792,0.00884938,0.0296827,1.4327783415335311,0.42715790679419324
sat_k70,0.0282682,0.0192627,0.0701939,1.467509746816386,0.4027159055131571
sat_k70_p,0.0259258,0.0169411,0.0554326,1.530349268937672,0.46769951256120046
sat_k75_d,0.0133033,0.0087487,0.0298174,1.5206030610262098,0.44615895416770074
sat_k75,0.0309215,0.0208652,0.0775318,1.4819651860514158,0.3988234505067598
sat_k75_p,0.026749,0.0189482,0.0700016,1.411690820236223,0.3821198372608626
sat_k80_d,0.0138725,0.00937539,0.0323763,1.4796717789873273,0.42847700324002436
sat_k80,0.0328184,0.0221662,0.0814252,1.48056049300286,0.4030496701266929
sat_k80_p,0.0285333,0.0191033,0.0608567,1.493631990284401,0.46886045414884475
sat_k85_2d,0.0152987,0.00985584,0.0321178,1.5522471955713568,0.4763308819408552
sat_k85_2,0.0354812,0.0226267,0.0781407,1.5681120092633922,0.45406811047251944
sat_k85_2p,0.0302992,0.0205284,0.0730829,1.4759650045790222,0.4145867227490972
sat_k85_3d,0.014977,0.00959872,0.033538,1.5603122082944394,0.4465680720376886
sat_k85_3,0.0354248,0.0217568,0.0765262,1.6282173849095456,0.462910741680627
sat_k85_3p,0.0311498,0.0244677,0.0740776,1.2730988200770812,0.42050228409127727
sat_k90_d,0.0162582,0.0105391,0.0379134,1.5426554449620937,0.4288246371995126
sat_k90,0.0345517,0.0238035,0.0826609,1.4515386392757368,0.4179932713048128
sat_k90_p,0.031762,0.020655,0.07046,1.5377390462357783,0.45078058472892424
sat_k95_d,0.0166964,0.0108441,0.0361113,1.5396759528222719,0.4623594276583784
sat_k95,0.0380254,0.0247981,0.0961452,1.5333997362701175,0.3954997233351223
sat_k95_p,0.0339199,0.0221399,0.0708303,1.5320710572315142,0.47888968421706535
sat_slp_d,0.00494195,0.00219219,0.00388022,2.254343829686295,1.2736262376875536
sat_slp,0.0102935,0.00506963,0.00895526,2.0304243110443956,1.1494361972740044
sat_slp_p,0.00812912,0.00340115,0.00611277,2.3901092277611986,1.3298586401909445
sat_030_d,0.01047,0.0064873,0.0148212,1.6139225872088543,0.7064205327503846
sat_030,0.0203085,0.0157398,0.039817,1.2902641710822245,0.5100459602682271
sat_030_p,0.0241062,0.0155906,0.0360423,1.546200915936526,0.6688307904878436
sat_050_d,0.0151778,0.00923511,0.021463,1.643488816050919,0.7071611610678843
sat_050,0.028229,0.021246,0.0512741,1.3286736326837993,0.5505508629112944
sat_050_p,0.0323201,0.0208018,0.0469671,1.5537165053024258,0.6881434025094162
sat_UCG-10p0_d,0.0029783,0.00311981,0.00691222,0.9546414685509694,0.4308745960053355
sat_UCG-10p0,0.00686778,0.00622822,0.015039,1.1026874452090647,0.45666467185318177
sat_UCG-10p0_p,0.00750979,0.00643574,0.0140968,1.1668883453961783,0.532730123148516
sat_UCG-10p1_d,0.0033136,0.00291034,0.00647069,1.1385611303146712,0.5120937643435244
sat_UCG-10p1,0.00716406,0.0061177,0.0152038,1.1710381352469064,0.47120193635801577
sat_UCG-10p1_p,0.00797334,0.00697875,0.015105,1.1425169263836648,0.5278609731876862
sat_UCG-5p0_d,0.00361002,0.00325859,0.00807994,1.1078472590905881,0.44678797119780583
sat_UCG-5p0,0.00906285,0.00744896,0.019587,1.2166597753243407,0.46269719712053914
sat_UCG-5p0_p,0.0101402,0.00910019,0.0192944,1.1142844270284469,0.5255514553445559
sat_UR-15_d,0.00339258,0.00343296,0.00729203,0.9882375559284117,0.46524493179539855
sat_UR-15,0.00839798,0.0074152,0.0177578,1.13253587226238,0.47291781639617514
sat_UR-15_p,0.00998963,0.00756941,0.0155814,1.3197369411882827,0.6411253160819952
sat_UR-20_d,0.00379514,0.00347197,0.00813994,1.093079721310956,0.46623685186868696
sat_UR-20,0.010203,0.0083592,0.0218369,1.2205713465403387,0.46723664989078123
sat_UR-20_p,0.0109723,0.00917178,0.0196767,1.1963108578705552,0.5576290739809013
sat_UTI_d,0.0049263,0.00501798,0.0114661,0.9817296999988042,0.4296404182764846
sat_UTI,0.00960957,0.0080448,0.0205214,1.1945070107398568,0.46827068328671534
sat_UTI_p,0.0103034,0.00817645,0.0191798,1.260131230546264,0.5372005964608599
sat_2.0_d,0.542808,0.0135052,0.00780675,40.19251843734265,69.53059852051109
sat_2.0,0.0324441,0.0186397,0.0429457,1.7405913185298045,0.7554679513897781
sat_2.0_p,0.0254236,0.015405,0.0286654,1.6503472898409608,0.8869089564422614
sat_4.0-9_d,0.338488,0.0105789,0.00494374,31.996521377458905,68.46800195803178
sat_4.0-9,0.0279979,0.0196789,0.0385145,1.4227370432290423,0.7269443975645535
sat_4.0-9_p,0.0210498,0.0157533,0.028825,1.336215269181695,0.7302619254119688
192bit,0.0002936,0.000720352,0.0009544,0.40757851716938387,0.3076278290025147
2cubes,0.00221702,0.00220973,0.00344048,1.0032990455847548,0.644392642887039
2D,0.0013249,0.0013255,0.0016247,0.9995473406261787,0.8154736259001661
3D,0.0106868,0.00737955,0.0153007,1.4481641834529204,0.6984517048239622
ABACUS,0.00031424,0.000688096,0.00103267,0.45668046319118255,0.304298565853564
af23560,0.000545792,0.000717664,0.000930528,0.7605118829981719,0.5865401148595206
af_shell,0.00564992,0.00553376,0.009096,1.0209911524894466,0.6211433597185576
airfoil,0.00019008,0.000495424,0.000636416,0.3836713602893683,0.29867256637168144
Andrews,0.00175978,0.002532,0.00339306,0.6950157977883097,0.5186409907281333
appu,0.00142541,0.00135741,0.00143846,1.0500954022734472,0.990927797783741
as-22,0.00223302,0.00064976,0.000609568,3.4366843142083234,3.6632828494934118
astro,0.00041664,0.000700352,0.00107616,0.594900849858357,0.3871543264942016
atmos,0.0398652,0.0292271,0.0575745,1.3639806891549282,0.6924107026548212
av41092,0.00176243,0.00101354,0.00116282,1.7388854904591826,1.5156516055795395
barrier,0.0109428,0.00358541,0.0045744,3.0520358898982267,2.3921825813221407
Baumann,0.00214166,0.00272301,0.00411715,0.7865046400857875,0.5201802217553405
bayer04,0.000194496,0.000723392,0.000983872,0.2688666725648058,0.19768425160996553
bbmat,0.000851616,0.0011592,0.00144554,0.7346583850931677,0.589133472612311
bcsstk,0.000251616,0.00062144,0.000759264,0.4048918640576725,0.3313946137311924
Ben,0.00356979,0.00379613,0.00566768,0.9403761198905202,0.6298503091211926
bibd,0.000136192,0.000277056,0.000306912,0.4915684915684916,0.4437493483474091
bips,0.000152736,0.000598688,0.00120099,0.25511785771553797,0.12717508055853918
bloweya,0.0350747,0.0017801,0.00096624,19.70378068647829,36.30019456863719
bundle,0.0011976,0.000592736,0.000483872,2.0204610484262813,2.475034719925931
c-55,0.00303542,0.00106989,0.0010479,2.8371327893521765,2.896669529535261
c-61,0.00367318,0.00125344,0.00131859,2.9304793209088587,2.7856877422094812
c-64,0.0262191,0.00152557,0.000955104,17.18642867911666,27.451565483968235
CondMat,0.000528736,0.000721536,0.00116218,0.7327922653893915,0.45495190073826774
cage10,0.000389696,0.000657152,0.000828192,0.5930074016361511,0.47053823268034467
ccc,0.000569536,0.000990784,0.00190045,0.5748336670757703,0.2996848114920151
cfd,0.00147002,0.00224685,0.00286038,0.6542581836793734,0.5139247232885141
Chem97Zt,0.000513024,0.000140224,0.000155712,3.6586033774532183,3.294697903822442
circuit,0.00536854,0.00097408,0.00101162,5.511395367936925,5.306874122694293
ckt,0.00360682,0.00142202,0.00200291,2.536405957722114,1.8007898507671338
cnr,0.0019105,0.00153235,0.00293462,1.2467778249094528,0.6510212565851796
conf5_4,0.0013096,0.00131898,0.00178419,0.9928884441007445,0.7340025445720467
copter,0.000341792,0.000750144,0.000932864,0.4556351847112021,0.36638995609220637
coupled,0.0034209,0.000940416,0.000809728,3.6376454675377707,4.224752015491622
crash,0.00319795,0.0034585,0.005392,0.9246638716206448,0.5930916172106825
cryg,0.000148416,0.000549216,0.00078976,0.27023247683971335,0.1879254457050243
crystk,0.000283328,0.000508192,0.000611584,0.557521566651974,0.4632691502720804
d_pretok,0.00256515,0.00276106,0.00483379,0.9290453666345534,0.5306705504376483
dac11,0.00967539,0.00586614,0.0165999,1.6493622722948995,0.5828583304718703
dac14,0.0376729,0.00625539,0.0107575,6.022470221680822,3.5020125493841507
dac16,0.00763632,0.00494218,0.0133197,1.545131905353508,0.5733102096894074
dac2,0.0093255,0.00650125,0.0183238,1.4344164583733898,0.5089282790687522
dac3,0.0106592,0.00640179,0.0170956,1.6650343107162215,0.6235054633940897
dac6,0.0233098,0.0076112,0.0200738,3.0625656926634433,1.1612051529854834
dac7,0.0200242,0.00845453,0.0224951,2.3684580928803847,0.8901583011411374
delta,0.00121632,0.00108042,0.00171549,1.1257844171711002,0.7090219121067449
denormal,0.00120944,0.00176141,0.00273779,0.6866317325324598,0.44175776812684686
dict,0.000458208,0.000750464,0.00243968,0.6105662630052874,0.18781479538300103
diel,0.0135521,0.0107407,0.0167495,1.261752027335276,0.8091047493955043
cova2,0.00065168,0.000949024,0.0014473,0.686684425262164,0.450272921992676
ecl32,0.00088336,0.00162195,0.00313437,0.5446283794198341,0.28183016044691594
Emilia,0.0250307,0.016371,0.0273541,1.5289658542544744,0.9150620930683152
epb1,0.00019024,0.000628096,0.000817536,0.30288363562257997,0.23269923281665883
ESOC,0.00605155,0.00485066,0.00696829,1.247572495289301,0.8684411814089252
Eternity,0.00170976,0.000908544,0.0008928,1.881868131868132,1.9150537634408602
ex19,0.000206336,0.000635808,0.000785312,0.3245256429613972,0.26274397946293954
F2,0.00155629,0.00152995,0.00193411,1.017216248897023,0.8046543371369778
fd18,0.000747264,0.00208419,0.00373302,0.35853928864450935,0.20017680055290354
fem,0.00154384,0.00188883,0.00251226,0.8173525409909839,0.6145223822375073
finan,0.000813888,0.00134326,0.00196054,0.6059050369995385,0.41513460577187916
flower,0.000777152,0.00106611,0.00183293,0.7289604262224348,0.4239943696704184
foldoc,0.000540256,0.0004536,0.000652352,1.1910405643738977,0.8281663886981262
Franz,0.00158678,0.00158589,0.00211354,1.0005611990743368,0.7507688522573502
G2,0.00266598,0.00280064,0.00583907,0.9519181329981719,0.45657613284307264
g7jac,0.00021856,0.000475552,0.000642656,0.4595922212502523,0.3400886321764676
garon,0.000199488,0.000485632,0.000641152,0.41078017923036375,0.3111399480934318
gearbox,0.00260189,0.00255197,0.00355856,1.0195613584799192,0.7311637291488692
gemat,0.00777811,0.00145194,0.00103542,5.357046434425665,7.512033764076413
graphics,0.00032352,0.000777312,0.00100294,0.4162035321724096,0.32257163938022215
gyro,0.000320224,0.000472128,0.000545472,0.6782567439338484,0.5870585474598146
H2O,0.00323258,0.00282134,0.00382554,1.145760525140536,0.8449996601786938
HEP,0.000654944,0.000862912,0.00141888,0.7589928057553956,0.46159224176815516
HTC,0.020889,0.00226659,0.00398458,9.216047013354864,5.242459682074397
hvdc1,0.000248544,0.00055936,0.00083536,0.4443363844393593,0.29752920896380003
IG5,0.00120813,0.00103194,0.00156282,1.1707366707366706,0.7730448804084924
Ill,0.000444224,0.000732512,0.000954592,0.6064392119173474,0.4653548322215145
interp,0.00202797,0.00245725,0.00519562,0.8253006409604233,0.39032300283700505
IMDB,0.0115868,0.0050039,0.00982234,2.315553867982973,1.1796374387365942
ibm01,0.000209984,0.000632736,0.000881312,0.33186668689627274,0.2382629534149087
ibm02,0.000394816,0.000690528,0.000947648,0.5717595810741924,0.41662727088539203
ibm03,0.000322784,0.000730656,0.00102464,0.44177287259668024,0.3150218613366646
ibm04,0.000395744,0.00112528,0.0015991,0.3516849139769658,0.24747920705396786
ibm05,0.00044416,0.000643296,0.00096,0.6904442123066209,0.4626666666666666
ibm06,0.000485536,0.000877696,0.00133123,0.5531938165378446,0.36472735740630846
ibm07,0.000512768,0.000763616,0.00128234,0.6714998114235429,0.3998689895035638
ibm08,0.00059248,0.000697632,0.00149789,0.8492729691298565,0.39554306390989996
ibm09,0.00068368,0.00112576,0.00188259,0.6073052870949404,0.36315926463011067
ibm10,0.00102406,0.00135002,0.0021839,0.7585517251596273,0.468913411786254
ibm11,0.000776928,0.00096528,0.0018913,0.8048731974142217,0.410790461587268
ibm12,0.000983392,0.0012312,0.00199331,0.7987264457439897,0.49334624318344866
ibm13,0.00105427,0.00142819,0.0024945,0.7381860956875486,0.42263780316696725
ibm14,0.0015185,0.00148509,0.00309782,1.0224969530466168,0.4901834193077713
ibm15,0.00195766,0.00184883,0.00371699,1.0588642546908045,0.5266788449794054
ibm16,0.00257498,0.0020616,0.00401126,1.2490201785021344,0.6419379446857097
kim1,0.000631424,0.00126157,0.0015663,0.5005065117274508,0.4031309455404456
kkt,0.0322111,0.0185139,0.048747,1.7398333144286184,0.6607811762775145
duct3D,0.000902144,0.00126083,0.00161434,0.7155159696390474,0.5588314729239194
lhr14,0.00015008,0.0003992,0.000503808,0.37595190380761523,0.29789126016260165
li,0.0006424,0.0011248,0.00130835,0.5711237553342816,0.491000114648221
tissue,0.000442368,0.000869568,0.00125898,0.5087215720909692,0.3513701567935948
Lin,0.0075951,0.00705958,0.0117544,1.0758572039696412,0.6461495269856394
lp_nug,0.000828256,0.000735968,0.000933504,1.1253967563807121,0.8872549019607843
lp_pds,0.000827296,0.0026209,0.00390397,0.31565340150330046,0.2119114644835898
lung,0.000397504,0.000827648,0.00165731,0.48028147231673374,0.23984891179079354
m14b,0.00409274,0.00285603,0.00526042,1.4330171601838917,0.7780253287760293
mac,0.00237418,0.00235328,0.00448662,1.008881221104161,0.5291689512372343
Maragal,0.0120771,0.00131443,0.000726784,9.188089133692932,16.617179244452274
mc2depi,0.00555443,0.00535814,0.0131525,1.036633981194967,0.42230982702908193
mixtank,0.000718176,0.000841664,0.000969824,0.8532811193065165,0.7405219916190978
mono,0.00406573,0.0031473,0.00470384,1.2918152066850952,0.864342749753393
mri1,0.000871872,0.00138419,0.0052168,0.6298788461121667,0.16712774114399634
msc,0.00046448,0.000528576,0.0005408,0.878738346046737,0.8588757396449704
msdoor,0.00485427,0.00447187,0.00728915,1.085512324821607,0.6659583078959823
mult_dcop,0.118282,0.00252618,0.00085376,46.82247504136681,138.54244752623688
nasasrb,0.00130304,0.00219718,0.00280634,0.5930510927643616,0.4643200752581655
nd12k,0.00289501,0.00309043,0.00187562,0.936766081095511,1.5434949510028684
net100,0.00189104,0.00175469,0.0019177,1.0777060335443869,0.9860979298117537
nopoly,0.000155968,0.000622368,0.000849696,0.2506041441719369,0.18355741347493693
actors,0.00418003,0.00241418,0.0044528,1.731449187715912,0.9387419151994252
www,0.0005768,0.000827712,0.00703066,0.696860743833604,0.08204066190087417
obstclae,0.000710528,0.00119107,0.00202941,0.5965459628737185,0.35011555082511664
olafu,0.0002576,0.000488256,0.000545408,0.5275920828417878,0.47230697019478984
opt1,0.0003704,0.00049056,0.000504768,0.7550554468362687,0.7338024597438825
Oregon,0.00178323,0.00056624,0.000495392,3.149247668833004,3.5996342290549705
p2p,0.00022496,0.000483264,0.000716384,0.4655012581115084,0.31402153035243663
para,0.00861165,0.00267584,0.00374931,3.2182978055489118,2.296862622722581
parabolic,0.004696,0.00460666,0.010313,1.019393660482866,0.45534761950935715
Pd,1.9456e-05,8.48e-05,0.000185216,0.22943396226415097,0.1050449205252246
pdb,0.000823712,0.00120131,0.0013232,0.6856781347029494,0.622515114873035
pds,0.00235674,0.00225677,0.0042897,1.0442978238810334,0.5493950625917897
pesa,0.000184224,0.000701856,0.000981504,0.2624811927232937,0.18769561815336464
PGP,0.00016288,0.000385056,0.000506464,0.4230034072966011,0.32160232514058257
pkustk,0.00117987,0.00157747,0.00203837,0.7479508326624278,0.5788301436932451
poisson3D,0.0022056,0.00203645,0.00284797,1.0830612094576346,0.7744463600389049
poli3,0.000221152,0.000326528,0.000559712,0.6772834182673463,0.39511748899434
powersim,0.00010832,0.000432448,0.000719552,0.2504809826846234,0.15053811260339767
pre2,0.00754394,0.00632467,0.0135311,1.1927800185622333,0.557525995669236
Pres,0.000221632,0.000444448,0.000573632,0.49866801065591476,0.3863661720406114
psse2,0.000215424,0.000696352,0.00101376,0.30936078305224946,0.2125
qa8fk,0.00235914,0.00223136,0.00340173,1.0572655241646352,0.6935118307449445
rajat,0.0043271,0.00125805,0.00197914,3.439529430467788,2.1863536687652214
Reuters,0.00189005,0.000677184,0.000594432,2.7910434977790377,3.1795899278639106
RFdevice,0.00152749,0.00206685,0.00304246,0.739042504293974,0.5020575455388074
rgg,0.00244765,0.00218192,0.00419366,1.1217872332624477,0.5836548504170581
rim,0.0002864,0.000610592,0.000731072,0.46905298464441075,0.39175347982141295
rma,0.00056656,0.000987392,0.00126118,0.573794399792585,0.44923008610983367
Rucci,0.0382476,0.0244944,0.045424,1.5614834411130707,0.8420130327580134
s4dkt,0.00238499,0.00323635,0.00523997,0.7369382174363095,0.4551533691986786
scfxm,0.000231904,0.000579904,0.000916768,0.39990067321487693,0.2529582184369437
scircuit,0.00139085,0.00179107,0.00331008,0.7765469802966941,0.4201862190641918
shallow,0.000732224,0.00155242,0.00273453,0.471666172814058,0.267769598431906
sherman,0.0259081,0.00176582,0.00115386,14.671993747947129,22.45341722565996
ship,0.000747232,0.00118061,0.00116899,0.6329202700298998,0.6392116271311132
shock,0.000715712,0.00167354,0.00297738,0.4276635156614123,0.24038315566034565
shyy,0.000882624,0.00171325,0.00294726,0.5151752517145776,0.29947273060401863
skirt,0.000178048,0.000668032,0.000825152,0.2665261544357156,0.21577600248196693
sme3D,0.00061552,0.000888352,0.00110189,0.6928784986131624,0.558603853379194
soc-sign,0.00306045,0.0012776,0.00281533,2.395468065122104,1.087066169862858
sparsine,0.00215424,0.00171107,0.00202294,1.2590016773130264,1.0649055335304063
spmsrtls,0.000261888,0.000912704,0.00151648,0.2869363999719515,0.1726946613209538
std1_Jac3,0.00101523,0.0010304,0.00119734,0.9852775621118013,0.8479045216897455
stokes,0.00064912,0.00117674,0.00161827,0.5516256777198022,0.4011197142627621
ted_A,0.000137952,0.000312192,0.000335456,0.4418819188191882,0.4112372412477344
TF16,0.000683488,0.00100186,0.00116336,0.6822190725251033,0.5875120341081007
thermal,0.000743872,0.00122992,0.0022576,0.6048133211916222,0.3294968107725018
therm,0.000976224,0.00169891,0.00276054,0.5746178432053493,0.35363515833858594
tmt,0.0111539,0.00943757,0.0283179,1.181861432550964,0.39388160845260417
tomogra,0.000801248,0.000814784,0.00128038,0.9833870080904877,0.6257892188256611
torso,0.00602282,0.00559424,0.00871869,1.0766109426839034,0.690794144533181
Trec,0.0023592,0.00144182,0.000562112,1.6362652758319347,4.19702835022202
Trefe,0.000880128,0.000826432,0.0010936,1.0649732827383258,0.8047988295537675
TSOPF,0.0536585,0.00305814,0.00108531,17.54612280667334,49.44071279173693
us04,0.0225156,0.00084992,0.000259008,26.491434487951807,86.93013343217197
usroads,0.000637248,0.00156832,0.00380861,0.4063252397469904,0.1673177353417651
venkat,0.000655968,0.00113219,0.00163014,0.5793797860783085,0.40239979388273406
vibro,0.00050784,0.0012632,0.00129718,0.40202659911336286,0.39149539770887615
plastic,0.00063456,0.0009408,0.00121718,0.6744897959183674,0.5213362033552967
rocks,0.000439296,0.0007376,0.000899456,0.5955748373101952,0.4884018784687633
wave3D,0.000391264,0.000721216,0.000966208,0.5425059898837519,0.40494800291448635
wathen120,0.000493888,0.00087712,0.00115846,0.5630791681867932,0.42633150907238926
water,0.00136106,0.00149856,0.00206218,0.9082452487721547,0.6600102803828959
wang4,0.000630912,0.00110701,0.00176202,0.5699243909269112,0.3580617700139612
xenon,0.0024424,0.00276157,0.00426461,0.8844244397208834,0.5727135658360318
Zhao,0.00063888,0.00111005,0.00169034,0.5755416422683662,0.3779594637765183
G67,0.000184064,0.000695808,0.00104496,0.264532744665195,0.17614454141785332
af101,0.0211596,0.0208684,0.0429177,1.0139541124379445,0.4930273523511278
eco1,0.0183852,0.016607,0.0416146,1.1070753296802553,0.4417968693679622
ibm18,0.00221187,0.00208189,0.00422582,1.062433654035516,0.5234179401867567
ibm17,0.00255302,0.00233613,0.00422426,1.0928415798778321,0.6043709430764206
web1M,0.0112351,0.00217814,0.00326595,5.158116558164306,3.44007103599259
nl120,0.105783,0.0585057,0.111234,1.808080238335752,0.9509951993095637
sat_p,0.163662,0.0847629,0.193067,1.930821149347179,0.8476953596419896
wbedu,0.0322734,0.0261691,0.19054,1.2332636582840066,0.16937860816626432
Stanf,0.292012,0.00466874,0.00293914,62.546211611698226,99.35287192852331
gene2,0.0211217,0.01545,0.00293427,1.3671003236245955,7.198281003452307
Hamr3,0.0102567,0.00890173,0.0264456,1.152214232514354,0.38784145566748346
StocF,0.0281424,0.0190424,0.0385942,1.4778809393773895,0.7291872872089589
lang,0.0490748,0.00456278,0.00591792,10.75546048680848,8.292575769865088
kron,0.0631845,0.00434582,0.00245322,14.53914336074665,25.755741433707538
case39,0.0964311,0.00280246,0.00119482,34.40944741405765,80.70763797057297
dac9,0.0278068,0.00624384,0.0147974,4.4534773472734726,1.8791679619392596
dac12,0.0307719,0.00917744,0.025541,3.352993863212399,1.2048040405622333
dac19,0.0372302,0.00498957,0.00859802,7.461604907837749,4.3300899509421935
tran4,3.13701,0.0108788,0.00229674,288.3599294039784,1365.8533399514095
Cheb4,1.1495,0.026351,0.00240538,43.62263291715684,477.8870698184902
sat_d,13.0867,0.204501,0.0317641,63.993330105965256,411.9965621566485
HV15R,0.113877,0.0767559,0.0979286,1.483625363001411,1.1628574287797435
gupta2,0.0187302,0.00422387,0.00217712,4.434369428983373,8.603200558536047
ASIC,40.0196,0.173876,0.0295533,230.16172444730725,1354.1499595645832
ASIC320k,9.84502,0.0344835,0.0057745,285.4994417620021,1704.9129794787427
wiki-Talk,0.68111,0.0122995,0.00514157,55.37704784747348,132.47121015565284
com-Youtube,0.20328,0.0110674,0.0170456,18.367457578112294,11.925658234383064
Freescal,0.0168722,0.0133995,0.0405239,1.2591663868054779,0.4163518318819265
roadNet-CA,0.00976141,0.00806614,0.035188,1.2101711599352356,0.2774073547800387
delaunay23,0.0761021,0.0408539,0.135212,1.862786661738537,0.5628353992249209
coPapersDBLP,0.0175404,0.0140523,0.0216177,1.2482227108729533,0.8113906659820426
dc1,3.12266,0.0108766,0.00232022,287.0989095857161,1345.8465145546543
channel,0.140132,0.0760345,0.154013,1.8430054777765357,0.9098712446351931
as-Skitter,0.2843,0.0258779,0.0295205,10.986208309020439,9.630595687742415
ASIC_100k,2.24921,0.00902342,0.00159696,249.2635829873817,1408.4322713154995
dc2,3.12159,0.0108544,0.00231706,287.587522110849,1347.2201841989415
tran5,3.12167,0.0108734,0.00235354,287.09235381757316,1326.3721882780833
GM,,,,1.2960,0.7987
