dataset,baseline,p2_kernel,p3_kernel,p2_speedup,p3_speedup
sat_10pipe_d,0.0256309,0.00245066,0.00222874,10.458774370985775,11.500174986763824
sat_10pipe,0.00206349,0.0828281,0.0347686,0.024912922063888943,0.05934924040657375
sat_10pipe_p,0.00142736,0.0400308,0.0170569,0.03565654446076521,0.08368226348281341
sat_11pipe_d,0.136867,0.00522106,0.00646099,26.214408568375003,21.183595702825727
sat_11pipe,0.00386461,0.149657,0.0630877,0.025823115524165257,0.061257741207874125
sat_11pipe_p,0.00330342,0.0858876,0.0358429,0.03846212957400137,0.0921638595091357
sat_11pipe_kd,0.0317294,0.00333395,0.00304861,9.517059344021355,10.407825205585494
sat_11pipe_k,0.00258934,0.100847,0.0412963,0.025675924915961802,0.06270150110300438
sat_11pipe_kp,0.0021296,0.0580178,0.025129,0.036705976441712716,0.08474670699192169
sat_6s10_d,0.00255818,0.00082816,0.000628448,3.0889924652241114,4.07063114211518
sat_6s10,0.0001384,0.00195776,0.0010488,0.07069303694017653,0.13196033562166287
sat_6s10_p,0.000150368,0.00242093,0.0012775,0.0621116678301314,0.11770489236790607
sat_6s11_d,0.00282118,0.00105824,0.000804608,2.6659169942546113,3.50627883391664
sat_6s11,0.00013104,0.00199085,0.00116982,0.0658211316774242,0.11201723342052623
sat_6s11_p,0.00018656,0.00294931,0.00155974,0.0632554733140972,0.11960967853616629
sat_6s12_d,0.00280573,0.00099456,0.000737184,2.821076657014157,3.8060104397273955
sat_6s12,0.000138464,0.00202992,0.00105584,0.06821155513517774,0.13114108198211852
sat_6s12_p,0.000171296,0.0026119,0.00139094,0.06558290899345305,0.12315125023365495
sat_130_d,0.00252995,0.00125776,0.000848512,2.0114727770003817,2.981631373510333
sat_130,0.000188384,0.00336224,0.00165386,0.056029313790806126,0.11390565102245655
sat_130_p,0.000146976,0.00296342,0.00143888,0.049596749701358564,0.10214611364394528
sat_131_d,0.00310042,0.00171014,0.00128637,1.8129626814178956,2.4102085714063604
sat_131,0.00021424,0.00362989,0.00180598,0.0590210722638978,0.11862811326814252
sat_131_p,0.000143808,0.00291798,0.00143194,0.0492834083852528,0.10042878891573669
sat_133_d,0.00338048,0.001224,0.000839872,2.761830065359477,4.024994284843404
sat_133,0.000185568,0.00321053,0.00160589,0.05779980252481677,0.11555461457509543
sat_133_p,0.000142912,0.00282262,0.00138845,0.050630974059561684,0.10292916561633476
sat_153_d,0.00305469,0.00189066,0.00117715,1.6156738916568818,2.5949878944909313
sat_153,0.000256896,0.0049119,0.00252624,0.052300739021559885,0.10169105073152195
sat_153_p,0.000236896,0.00495248,0.00243763,0.047833812554518136,0.0971829194750639
sat_16_d,0.00271078,0.000871328,0.000657888,3.1110901979507144,4.1204277931806015
sat_16,0.0001368,0.00189776,0.00099792,0.07208498440266418,0.1370851370851371
sat_16_p,0.000128416,0.00190787,0.00100214,0.06730856924213914,0.1281417765980801
sat_184_d,0.00307946,0.000962304,0.000729696,3.200090615855281,4.22019580756918
sat_184,0.000135296,0.00198346,0.00104122,0.0682121141843042,0.12993987821978065
sat_184_p,0.00012688,0.00201005,0.00105491,0.06312280789035098,0.12027566332672929
sat_9_d,0.00332035,0.00099696,0.000738752,3.3304746429144596,4.494539439487135
sat_9,0.000149824,0.00224928,0.00117782,0.06660975956750605,0.12720449644258036
sat_9_p,0.000137184,0.00227869,0.00120077,0.06020301137934515,0.1142466917061552
sat_9dlx_d,0.0360164,0.00209731,0.00144627,17.17266403154517,24.902957262475194
sat_9dlx,0.000802464,0.032184,0.0134465,0.024933631618195378,0.05967828059346299
sat_9dlx_p,0.00066016,0.0187743,0.00818707,0.035162962134407144,0.08063446385581167
sat_bug7,0.0119292,0.406293,0.169514,0.02936107685832638,0.07037294854702265
sat_bug8_d,0.379428,0.0307397,0.0205642,12.343256440368645,18.4509001079546
sat_bug8,0.0117031,0.410278,0.170528,0.028524805132129922,0.06862861231000186
sat_bug8_p,0.0110466,0.399082,0.166215,0.027680025658887147,0.06645970580272538
sat_aaai_d,0.00047248,0.00132832,0.00104605,0.3556974223078776,0.4516801300129057
sat_aaai,0.000657888,0.00777405,0.00360259,0.08462616010959538,0.18261528511432054
sat_aaai_p,0.00054,0.00687638,0.00318243,0.07852969149465272,0.16968165835540766
sat_ACG_10p_d,0.00137824,0.010197,0.0052496,0.13516132195743846,0.2625419079548918
sat_ACG_10p,0.000998848,0.0369657,0.0149825,0.027020941034526607,0.06666764558651761
sat_ACG_10p_p,0.000780608,0.0378367,0.0153484,0.020630974688595993,0.05085924265721509
sat_ACG_5p0_d,0.00122618,0.00876666,0.00449766,0.13986854742855317,0.2726262100736828
sat_ACG_5p0,0.000878208,0.0321521,0.0133099,0.027314172324669303,0.06598156259626294
sat_ACG_5p0_p,0.000741856,0.0318329,0.0130629,0.023304694200025764,0.05679106477122232
sat_ACG_5p1_d,0.00123946,0.00845814,0.00422602,0.14654049235411096,0.29329250689774305
sat_ACG_5p1,0.0008888,0.0322666,0.0142087,0.0275455114576683,0.06255322443291786
sat_ACG_5p1_p,0.000749952,0.0325867,0.0137646,0.023014051745037085,0.05448411141624166
sat_01_d,0.000722016,0.000412032,0.000389664,1.7523299161230197,1.8529194382852918
sat_01,0.000698016,0.000737696,0.000505184,0.9462109053051663,1.381706467346551
sat_01_p,0.000709888,0.000762144,0.000567264,0.9314355292438175,1.251424380887911
sat_27_d,0.00271571,0.000469472,0.000472672,5.784604832663077,5.745442928711665
sat_27,0.0004896,0.0007576,0.000528224,0.6462513199577613,0.9268795056642636
sat_27_p,0.000336768,0.000715296,0.00052816,0.47080928734398064,0.637624962132687
sat_enc1_opt1_05_d,0.00402237,0.00200326,0.00152026,2.007912103271667,2.645843474142581
sat_enc1_opt1_05,0.000348736,0.0095719,0.00463587,0.036433310001149195,0.07522557793898448
sat_enc1_opt1_05_p,0.000301824,0.00973408,0.0046241,0.031006936454189813,0.06527194481088212
sat_enc1_opt1_10_d,0.00227923,0.00165501,0.00119766,1.3771699264657014,1.9030693185044172
sat_enc1_opt1_10,0.000230144,0.00433587,0.00219059,0.053079082168053925,0.10506028056368376
sat_enc1_opt1_10_p,0.000198688,0.00452736,0.00224483,0.043886061634153234,0.08850915214069661
sat_enc1_opt1_15_d,0.00389504,0.002124,0.00165053,1.8338229755178908,2.3598722834483468
sat_enc1_opt1_15,0.0003712,0.0120121,0.00566842,0.03090217364157808,0.06548562033159151
sat_enc1_opt1_15_p,0.000337504,0.0127051,0.00592726,0.02656445049625741,0.05694098116161599
sat_enc1_opt2_4_d,0.00356576,0.000691296,0.000825664,5.1580798963106975,4.318657468413301
sat_enc1_opt2_4,0.000244992,0.006284,0.00315046,0.038986632718014,0.07776388209975686
sat_enc1_opt2_4_p,0.000218912,0.00633232,0.00327424,0.03457058392500695,0.06685887412040657
sat_enc1_opt2_12_d,0.00179587,0.000636064,0.000675392,2.8234108517381897,2.6590039562209795
sat_enc1_opt2_12,0.000160832,0.00224595,0.00124426,0.07160978650459716,0.12925915805378296
sat_enc1_opt2_12_p,0.000154848,0.00230022,0.00125955,0.06731877820382398,0.12293914493271407
sat_enc1_opt2_16_d,0.00180723,0.000523744,0.000557248,3.4505980020773506,3.243134116228322
sat_enc1_opt2_16,0.000177856,0.0024208,0.00136864,0.07346992729676141,0.12995090016366612
sat_enc1_opt2_16_p,0.000175168,0.00242854,0.00137792,0.07212893343325619,0.127124941941477
sat_enc2_opt1_05_d,0.00401904,0.00204038,0.00152256,1.9697507327066526,2.6396595208070615
sat_enc2_opt1_05,0.00038448,0.00902438,0.00446643,0.04260458890250632,0.08608217301065951
sat_enc2_opt1_05_p,0.00029936,0.00898954,0.00433139,0.03330092529762368,0.06911407192610224
sat_enc2_opt1_15_d,0.00372995,0.00195661,0.00148742,1.9063328920939788,2.5076642777426685
sat_enc2_opt1_15,0.000359424,0.010286,0.0050721,0.03494302936029555,0.07086295617199975
sat_enc2_opt1_15_p,0.00029648,0.0105579,0.00498602,0.028081341933528448,0.05946225646908757
sat_enc3_opt1_50_d,0.0108207,0.0440322,0.0206295,0.2457451592243858,0.5245255580600597
sat_enc3_opt1_50,0.00318614,0.151888,0.0650816,0.020976904034551776,0.04895607975218802
sat_enc3_opt1_50_p,0.00269446,0.155789,0.0685678,0.017295572858160718,0.03929628776189407
sat_enc3_opt2_21_d,0.00934605,0.0376076,0.0173796,0.24851492783373574,0.5377597873368778
sat_enc3_opt2_21,0.00263318,0.136947,0.0586118,0.01922773043586205,0.044925765801425654
sat_enc3_opt2_21_p,0.00254806,0.156402,0.0671989,0.01629173539980307,0.03791818020830698
sat_enc3_opt2_12_d,0.00904861,0.0309411,0.0145267,0.29244629311821496,0.6228950828474464
sat_enc3_opt2_12,0.00223939,0.113793,0.0492709,0.01967950576924767,0.04545056006689547
sat_enc3_opt2_12_p,0.00192272,0.115064,0.0503619,0.016710004866856705,0.03817806714996853
sat_enc3_opt2_14_d,0.0090233,0.0310275,0.0148134,0.29081621142534847,0.6091309220030513
sat_enc3_opt2_14,0.00227642,0.115249,0.049173,0.019752188739164765,0.04629410448823541
sat_enc3_opt2_14_p,0.00192986,0.113704,0.0489305,0.01697266586927461,0.0394408395581488
sat_blocks_d,0.0260183,0.0202335,0.0131809,1.2859020930634837,1.9739395640661868
sat_blocks,0.00645363,0.300424,0.129194,0.02148173914201262,0.04995301639395018
sat_blocks_p,0.00689482,0.319242,0.13694,0.021597471510640828,0.05034920403096246
sat_bob-opt_d,0.00169306,0.00112349,0.000748096,1.506964904004486,2.263158738985371
sat_bob-opt,0.00015824,0.00302448,0.00148154,0.052319737607787124,0.10680778109264685
sat_bob-opt_p,0.000194208,0.00354595,0.00202989,0.05476896177329065,0.09567414983077902
sat_bob_d,0.000794944,0.00077088,0.000711904,1.0312162723121627,1.1166449408909067
sat_bob,0.000142112,0.00177434,0.000987648,0.080092879605938,0.1438893208916537
sat_bob_p,0.000125984,0.00155606,0.000880608,0.08096345899258384,0.14306479159853192
sat_c10_d,0.00498198,0.00268554,0.00147494,1.8551129381800306,3.3777509593610584
sat_c10,0.000338144,0.0102071,0.00451014,0.033128312645119576,0.07497416931625182
sat_c10_p,0.000272608,0.00911085,0.0040785,0.02992124774307556,0.06684025989947284
sat_count_d,0.000554016,0.0007936,0.00071632,0.6981048387096773,0.7734197006924279
sat_count,0.000148832,0.00142637,0.000885856,0.10434319286019757,0.16800924755264965
sat_count_p,0.000149408,0.0014719,0.000948576,0.10150689584890278,0.15750767466180884
sat_ctl_d,0.000444096,0.000424992,0.000389248,1.0449514343799413,1.1409075961854653
sat_ctl,0.00015072,0.00245062,0.00131562,0.06150280337220784,0.11456195557987868
sat_ctl_p,0.000144064,0.00255888,0.00135155,0.05629963108860127,0.10659169102141985
sat_ctl_5_d,0.000505984,0.000740608,0.000728032,0.6832008295886622,0.6950024174761549
sat_ctl_5,0.000146016,0.00351875,0.00168579,0.041496554174067495,0.08661577064758956
sat_ctl_5_p,0.000169184,0.00449542,0.00215546,0.037634748254890535,0.0784909021740139
sat_dated_11_d,0.000480704,0.00362592,0.00193661,0.13257435354337657,0.24821931106417913
sat_dated_11,0.000405696,0.0118608,0.00532106,0.03420477539457709,0.07624345525139728
sat_dated_11_p,0.000354464,0.0124035,0.00557773,0.028577740153988798,0.06354986706061426
sat_dated_17_d,0.000817824,0.00584016,0.002988,0.14003451960220267,0.2737028112449799
sat_dated_17,0.0006608,0.0219417,0.00954938,0.030116171490814293,0.06919820972670478
sat_dated_17_p,0.000554464,0.0225706,0.0099311,0.024565762540650224,0.055831076114428405
sat_E02F20_d,0.0192052,0.000807168,0.000995296,23.793311925150647,19.295968234575444
sat_E02F20,0.00025952,0.00483955,0.00247517,0.053624820489508326,0.10484936388207679
sat_E02F20_p,0.000209536,0.00480592,0.00242384,0.0435995605419982,0.08644795035975972
sat_E02F22_d,0.0730259,0.00213408,0.003148,34.21891400509822,23.197554002541295
sat_E02F22,0.000411168,0.0141133,0.00697318,0.02913337065037943,0.058964202845760476
sat_E02F22_p,0.00040176,0.0142807,0.00713027,0.028133074709222935,0.05634569237911046
sat_gss-18_d,0.000380448,0.00076512,0.000581856,0.49723964868255954,0.6538524995875268
sat_gss-18,0.000128832,0.00176211,0.000922528,0.07311234826429679,0.13965104582191543
sat_gss-18_p,0.000136928,0.00211446,0.00110861,0.06475790509160732,0.12351322827685118
sat_gss-19_d,0.00037392,0.00083552,0.000632768,0.4475296821141326,0.5909274805299889
sat_gss-19,0.000116032,0.0019224,0.000930656,0.0603578859758635,0.12467764673520614
sat_gss-19_p,0.000126336,0.00195171,0.00101946,0.06473092826290791,0.12392443058089576
sat_gss-20_d,0.000396,0.000882144,0.000702944,0.4489063010120797,0.5633450175262894
sat_gss-20,0.000138048,0.00191254,0.00101341,0.07218045112781955,0.13622127273265508
sat_gss-20_p,0.000149312,0.00224688,0.00121024,0.06645303710033468,0.12337387625594923
sat_gss-22_d,0.000404768,0.000911168,0.000735424,0.444229823698813,0.5503872595944652
sat_gss-22,0.000145696,0.0020193,0.00123382,0.0721517357500124,0.11808529607236064
sat_gss-22_p,0.000127904,0.00204314,0.00102605,0.0626016817251877,0.124656693143609
sat_k45_d,0.00164902,0.00430602,0.00274419,0.3829568836187477,0.6009132020742004
sat_k45,0.000404864,0.0104005,0.00478141,0.038927359261573966,0.08467460435310924
sat_k45_p,0.000347104,0.00920231,0.00441808,0.03771922484680477,0.07856444428348966
sat_itox_d,0.009044,0.0029064,0.00164582,3.111753371868979,5.495133125129114
sat_itox,0.00034224,0.0100889,0.00464656,0.03392242960084846,0.07365448848180159
sat_itox_p,0.000307456,0.00861306,0.00403731,0.035696488820465666,0.07615367658168434
sat_k2fix_d,0.00124592,0.000540672,0.000560416,2.3043915719696972,2.223205618683264
sat_k2fix,0.000210784,0.0072408,0.00339443,0.029110595514307808,0.062097023653455805
sat_k2fix_p,0.000246496,0.00843129,0.00382246,0.029235858332473445,0.06448622091532678
sat_manol_c10_i_d,0.00697914,0.00512208,0.0026001,1.3625597413550745,2.6841813776393213
sat_manol_c10_i,0.000621856,0.0216588,0.00877008,0.02871147062625815,0.07090653677047415
sat_manol_c10_i_p,0.000492384,0.020546,0.0089151,0.02396495668256595,0.055230339536292354
sat_manol_c10_d,0.00769738,0.0106153,0.00512368,0.7251212871986661,1.5023147425288075
sat_manol_c10,0.000863584,0.0305383,0.0126682,0.02827871885468412,0.06816943212137479
sat_manol_c10_p,0.000753952,0.0354684,0.0152514,0.021257006236537312,0.04943493712052664
sat_manol_c8_d,0.00365837,0.0048785,0.00258787,0.7498964845751769,1.4136606552879396
sat_manol_c8,0.000575808,0.0195876,0.0085239,0.02939655700545243,0.06755217682046952
sat_manol_c8_p,0.00050144,0.020773,0.00903018,0.02413902662109469,0.05552934714479667
sat_manol_g10_i_d,0.00608106,0.00525245,0.00266445,1.1577568563241916,2.282294657433992
sat_manol_g10_i,0.000574304,0.019659,0.00805053,0.029213286535429067,0.07133741505217668
sat_manol_g10_i_p,0.000556352,0.0238634,0.00991392,0.02331402901514453,0.05611826603402085
sat_MD5-28-1_d,0.000315968,0.000573248,0.00055968,0.5511890141788545,0.5645511720983419
sat_MD5-28-1,0.000134272,0.00174886,0.00100659,0.07677687179076656,0.1333929405219603
sat_MD5-28-1_p,0.000141632,0.00169286,0.000995264,0.08366433136821709,0.1423059610314449
sat_MD5-28-2_d,0.000353568,0.000651744,0.00064224,0.542495212844307,0.5505231689088191
sat_MD5-28-2,0.000134336,0.00174864,0.0010103,0.07682313111904109,0.13296644561021478
sat_MD5-28-2_p,0.000147264,0.00170042,0.00100797,0.08660448595052987,0.14609958629721123
sat_MD5-28-4_d,0.000347584,0.000634208,0.00063744,0.5480599424794389,0.545281124497992
sat_MD5-28-4,0.000136128,0.00174915,0.00100378,0.07782522939713575,0.13561537388670827
sat_MD5-28-4_p,0.000138592,0.00168653,0.00100659,0.08217582847622039,0.13768465810310057
sat_MD5-29-4_d,0.000324032,0.00059392,0.000605536,0.5455818965517242,0.5351159964064893
sat_MD5-29-4,0.000145408,0.00184275,0.0010105,0.07890815357482024,0.14389708065314202
sat_MD5-29-4_p,0.000138528,0.00174307,0.00101357,0.07947357248991722,0.13667334273903134
sat_MD5-30-4_d,0.000339264,0.000616928,0.000739232,0.5499247886301156,0.4589411713778624
sat_MD5-30-4,0.000140192,0.00189357,0.00107091,0.07403581594554202,0.13090922673240515
sat_MD5-30-4_p,0.000142752,0.00197114,0.00105722,0.07242103554288382,0.13502582243998412
sat_MD5-30-5_d,0.000315168,0.000605152,0.000593152,0.5208079953466237,0.5313444108761329
sat_MD5-30-5,0.000133248,0.00190995,0.00107846,0.06976517709887693,0.12355395656769838
sat_MD5-30-5_p,0.00014352,0.00183709,0.00106224,0.07812355409914594,0.1351107094441934
sat_min_d,0.002624,0.00583066,0.00298554,0.45003481595565514,0.8789029790255699
sat_min,0.000526784,0.0178868,0.00791942,0.029450991792830464,0.06651800258099709
sat_min_p,0.000444896,0.0166113,0.00740493,0.02678273223648962,0.06008105410854661
sat_p30_d,0.0026233,0.00902819,0.00486058,0.2905676553107544,0.5397092528052208
sat_p30,0.00113187,0.0393631,0.0163185,0.02875459503951671,0.06936115451787848
sat_p30_p,0.00116538,0.0413393,0.0165752,0.028190607968688386,0.07030865389256238
sat_p30_NOT_d,0.00143341,0.00262608,0.00149149,0.5458363796990191,0.9610590751530348
sat_p30_NOT,0.000577056,0.0111819,0.00502416,0.0516062565395863,0.11485621477023027
sat_p30_NOT_p,0.00066704,0.0124426,0.00565062,0.053609374246540116,0.11804722313657616
sat_non_p30_d,0.00265357,0.00903894,0.00480259,0.2935709275645153,0.5525289479218506
sat_non_p30,0.00111952,0.039347,0.0169246,0.028452486847790174,0.0661475012703402
sat_non_p30_p,0.00117373,0.039694,0.016582,0.029569456341008715,0.07078337956820649
sat_post_d,0.00547827,0.0065209,0.00360707,0.8401094940882394,1.5187589927558933
sat_post,0.00113386,0.0293034,0.0121892,0.038693803449429076,0.09302169133331145
sat_post_p,0.00113203,0.0245297,0.0103158,0.046149361794070046,0.10973749006378565
sat_post-ee_d,0.00545152,0.00603226,0.00363078,0.9037276244724198,1.5014735125785643
sat_post-ee,0.00078816,0.0286331,0.0127838,0.027526184730259733,0.06165302961560725
sat_post-ee_p,0.000617216,0.023114,0.010378,0.026703123648005537,0.05947350163808055
sat_L100_d,0.164353,0.00845027,0.00476995,19.44943771027435,34.45591672868688
sat_L100,0.000852896,0.0395781,0.0179916,0.02154969541236189,0.04740523355343605
sat_L100_p,0.000715712,0.0367326,0.0160206,0.0194843817208692,0.04467448160493365
sat_L150_d,0.249452,0.013873,0.00766189,17.981114394867728,32.55750213067533
sat_L150,0.0013144,0.0742736,0.0309771,0.017696732082462682,0.04243134444476727
sat_L150_p,0.00110998,0.0661352,0.028331,0.016783498046426107,0.03917899121104091
sat_L200_d,0.340089,0.0200918,0.0108763,16.926756189092067,31.268813842942908
sat_L200,0.00184886,0.110775,0.0478845,0.01669022793951704,0.0386108239618248
sat_L200_p,0.0014345,0.0867134,0.038844,0.016543002580915983,0.03692977036350531
sat_L80_d,0.121753,0.0064424,0.00364304,18.898702346951445,33.42071456805305
sat_L80,0.000665888,0.032793,0.0131631,0.020305796968865305,0.050587475594654756
sat_L80_p,0.000553632,0.0260575,0.0107222,0.02124655089705459,0.05163417955270374
sat_k100_1d,0.00783779,0.0362797,0.017747,0.2160378944699102,0.4416402772299544
sat_k100_1,0.0033769,0.134415,0.0576704,0.02512294014804895,0.05855516868272112
sat_k100_1p,0.00259485,0.119573,0.0535568,0.021700969282363078,0.04845043019747259
sat_k100_2d,0.00789334,0.0361659,0.0171651,0.2182536588333209,0.459848180319369
sat_k100_2,0.00341632,0.134509,0.0574515,0.02539844917440469,0.059464417813285986
sat_k100_2p,0.00263002,0.123539,0.054669,0.021288985664446043,0.04810806855804935
sat_k70_d,0.00613587,0.0249668,0.0122973,0.2457611708348687,0.4989607474811544
sat_k70,0.0025913,0.0965113,0.0416761,0.02684970568213256,0.06217712309933031
sat_k70_p,0.00191053,0.0858942,0.0383893,0.022242828968661445,0.04976725285431096
sat_k75_d,0.00630125,0.0265763,0.0129791,0.2371003488070198,0.4854920603123483
sat_k75,0.00262806,0.101721,0.0449725,0.025835963075471143,0.058437044860748244
sat_k75_p,0.00204544,0.094826,0.0406102,0.02157045536034421,0.05036764162698042
sat_k80_d,0.00668755,0.0281546,0.0138092,0.23752956888039609,0.4842822176520001
sat_k80,0.00294986,0.110148,0.0486855,0.02678087663870429,0.060590114099680605
sat_k80_p,0.00215795,0.0970684,0.0440064,0.022231230760989158,0.04903718550029087
sat_k85_2d,0.00696045,0.030601,0.0150128,0.22745825299826802,0.4636343653415752
sat_k85_2,0.00301853,0.116755,0.0504027,0.025853539462978033,0.059888259954327845
sat_k85_2p,0.00230208,0.104664,0.0465782,0.021994955285484983,0.04942397945820148
sat_k85_3d,0.00694787,0.0305789,0.0149493,0.22721124697095058,0.4647622296696166
sat_k85_3,0.00298541,0.116039,0.0503708,0.025727643292341368,0.059268663590810546
sat_k85_3p,0.0022481,0.104585,0.0450367,0.021495434335707796,0.04991706763595023
sat_k90_d,0.0074456,0.0323211,0.0157229,0.23036344678863035,0.4735513168690254
sat_k90,0.00312502,0.120268,0.0525416,0.02598380284032328,0.059477061985169846
sat_k90_p,0.00231008,0.110327,0.0498192,0.020938482873639273,0.046369271284966436
sat_k95_d,0.00748874,0.033959,0.0165148,0.22052298359786798,0.4534562937486376
sat_k95,0.00330947,0.127943,0.0555194,0.02586675316351813,0.05960925370230947
sat_k95_p,0.0024705,0.116845,0.0516542,0.021143395096067438,0.0478276693860325
sat_slp_d,0.0032377,0.00256906,0.00157757,1.2602664009404216,2.0523336523894344
sat_slp,0.00542042,0.010284,0.00451123,0.5270731232983275,1.2015392697778655
sat_slp_p,0.0045768,0.00723245,0.00323443,0.6328146063920248,1.4150252130978256
sat_030_d,0.0072857,0.0103488,0.00541965,0.7040139919604206,1.3443119020600962
sat_030,0.0025368,0.0550016,0.0233542,0.046122294624156394,0.10862286012794274
sat_030_p,0.00324234,0.0604597,0.0256355,0.0536281192265261,0.1264785161202239
sat_050_d,0.010354,0.016617,0.00863366,0.6230968285490762,1.1992596419131631
sat_050,0.00315373,0.0822411,0.0354379,0.0383473713265022,0.08899314011270419
sat_050_p,0.00384154,0.0885746,0.0378732,0.04337067285655256,0.10143161919246327
sat_UCG-10p0_d,0.000877536,0.00568662,0.00304013,0.15431592052924234,0.2886508142743896
sat_UCG-10p0,0.000640896,0.023185,0.0102161,0.027642700021565665,0.06273391998903691
sat_UCG-10p0_p,0.000538176,0.0239504,0.0105224,0.022470438907074623,0.05114574621759295
sat_UCG-10p1_d,0.000944896,0.00583818,0.00316109,0.16184769911170946,0.29891461489549487
sat_UCG-10p1,0.000661536,0.0236319,0.0103552,0.02799334797455981,0.06388442521631645
sat_UCG-10p1_p,0.000550752,0.0248615,0.0108438,0.022152806548277452,0.050789575610026
sat_UCG-5p0_d,0.00103427,0.00622742,0.00333123,0.1660832254770033,0.31047691093079727
sat_UCG-5p0,0.000745024,0.0288362,0.0124725,0.02583641395190767,0.05973333333333333
sat_UCG-5p0_p,0.000650016,0.0305377,0.0123094,0.021285689492004965,0.05280647310185712
sat_UR-15_d,0.000925376,0.00583187,0.00307443,0.1586756906446817,0.3009910780209665
sat_UR-15,0.000696288,0.0264892,0.0117063,0.026285731543421467,0.0594797673047846
sat_UR-15_p,0.000628064,0.0282841,0.011366,0.02220555011472877,0.0552581383072321
sat_UR-20_d,0.0010407,0.00640352,0.00337024,0.1625199890060467,0.30879106532472467
sat_UR-20,0.000773024,0.0311594,0.0135218,0.02480869336380033,0.057168720140809655
sat_UR-20_p,0.000679264,0.032698,0.0141725,0.020773869961465533,0.04792831187158229
sat_UTI_d,0.00137139,0.00898176,0.00502541,0.15268611051731507,0.2728911670888544
sat_UTI,0.000854976,0.0325374,0.0143131,0.02627671541057368,0.059733810285682344
sat_UTI_p,0.000749504,0.0340651,0.0150408,0.02200210772902472,0.04983139194723685
sat_2.0_d,0.0808588,0.00458445,0.00327139,17.637622833709603,24.71695517807415
sat_2.0,0.00184096,0.0817051,0.0336113,0.022531763623078606,0.05477205582646313
sat_2.0_p,0.00150733,0.0549424,0.0234799,0.027434731646233147,0.06419661071810356
sat_4.0-9_d,0.0629006,0.00324122,0.00238058,19.406458062087733,26.42238446092969
sat_4.0-9,0.0026127,0.0600143,0.0247235,0.043534624247887586,0.10567678524480757
sat_4.0-9_p,0.0026751,0.0455148,0.0191069,0.05877428880276306,0.14000701317325157
192bit,8.9664e-05,0.00028544,0.000256384,0.31412556053811663,0.3497254118821767
2cubes,0.00032272,0.00346365,0.00203267,0.09317338645648376,0.1587665484313735
2D,0.000954368,0.00138819,0.00092208,0.6874909054236091,1.0350164844698941
3D,0.00121427,0.0106053,0.0056088,0.11449652532224454,0.2164937241477678
ABACUS,0.000162368,0.000846624,0.000705632,0.19178289299618248,0.2301029431771802
af23560,0.000152992,0.000828064,0.000586304,0.18475866599683116,0.26094312847942364
af_shell,0.00221037,0.012162,0.00671539,0.18174395658608783,0.3291499078981266
airfoil,0.000131136,0.0004552,0.000384256,0.2880843585237259,0.3412724850099934
Andrews,0.00027424,0.00178438,0.00107274,0.1536892365975857,0.2556444245576747
appu,0.00063472,0.000372672,0.000424288,1.703159883221707,1.4959650049023305
as-22,0.00305229,0.00041168,0.000325728,7.41422949863972,9.370671234895372
astro,0.000545536,0.000483392,0.000399904,1.1285581887991527,1.3641674001760422
atmos,0.00160918,0.0705379,0.0324765,0.022812984225501466,0.04954905855002848
av41092,0.00224912,0.000887552,0.000644032,2.534071243149697,3.492248832356156
barrier,0.00696954,0.00346154,0.00202486,2.013421771812546,3.441986112620132
Baumann,0.00021536,0.00401446,0.00211328,0.05364606945890605,0.10190793458509995
bayer04,0.000153728,0.00057296,0.000617088,0.26830494275342087,0.24911844015764364
bbmat,0.000313408,0.0011903,0.000882784,0.26330168864992015,0.35502229310907313
bcsstk,0.000176832,0.000524864,0.000460448,0.33691013291062066,0.38404336646049064
Ben,0.00177562,0.00627894,0.00377462,0.2827897702478444,0.470410266463909
bibd,0.0002008,0.000164512,0.000188608,1.2205796537638591,1.0646420088225315
bips,0.000177728,0.000513664,0.000505888,0.3460004983802641,0.3513188689986716
bloweya,0.011994,0.00264186,0.00189802,4.539983193659013,6.319216868104656
bundle,0.00221802,0.000259712,0.00026496,8.54030618531296,8.37115036231884
c-55,0.00164243,0.000728704,0.00051648,2.2539055638503425,3.1800456939281285
c-61,0.00173869,0.00115606,0.00070896,1.5039790322301612,2.4524514782216205
c-64,0.0131793,0.000844224,0.000535808,15.611141118944735,24.597057154801718
CondMat,0.000558816,0.000657408,0.000513344,0.8500292056074766,1.0885799775589078
cage10,0.00015168,0.000534304,0.000440192,0.28388333233515006,0.34457691189299217
ccc,0.000142624,0.00136733,0.000838048,0.10430839665625709,0.17018595593569819
cfd,0.000242272,0.00204522,0.00124566,0.11845767203528228,0.19449287927684922
Chem97Zt,0.00104038,7.4656e-05,8.2496e-05,13.93565152164595,12.611278122575639
circuit,0.00426003,0.0007872,0.00067152,5.411623475609756,6.343861686919228
ckt,0.00320182,0.00122733,0.000853024,2.608768627834405,3.753493453877031
cnr,0.00361421,0.00308854,0.00173734,1.1702001592985682,2.080312431648382
conf5_4,0.000210112,0.00132608,0.000882496,0.15844594594594594,0.2380883312785554
copter,0.00013584,0.000631904,0.000484128,0.21496936243480022,0.2805869522109855
coupled,0.00195856,0.000382272,0.00030576,5.123472291980579,6.405546834118262
crash,0.000280096,0.00570758,0.00290883,0.04907438879525123,0.09629163615611777
cryg,0.000106208,0.00046,0.000404256,0.23088695652173913,0.262724610148025
crystk,0.000182176,0.00042432,0.000392288,0.42933634992458525,0.4643935068113223
d_pretok,0.000324288,0.00523798,0.00273306,0.06191088931229215,0.11865381660117232
dac11,0.00841475,0.0185855,0.00854086,0.4527588711630034,0.9852345080003653
dac14,0.0110164,0.0120887,0.00520541,0.9112973272560325,2.1163366574390876
dac16,0.00668816,0.0140832,0.00643616,0.4749034310384004,1.0391537811365783
dac2,0.00642317,0.0200285,0.00911766,0.32070150036198414,0.7044757097764119
dac3,0.00693632,0.0195538,0.00848685,0.35473002690014216,0.817302061424439
dac6,0.00925222,0.0237593,0.010074,0.3894146713076564,0.9184256501886043
dac7,0.00945037,0.0269,0.0122953,0.3513148698884758,0.7686164632013859
delta,0.000488384,0.00226899,0.00124486,0.2152429054336952,0.39232042157351027
denormal,0.000216544,0.00279549,0.00160842,0.07746191186518285,0.134631501722187
dict,0.000238496,0.000925728,0.0006776,0.2576307511493657,0.3519716646989374
diel,0.00457312,0.0190053,0.0102394,0.2406234050501702,0.4466199191358869
cova2,0.000212896,0.0014751,0.000944544,0.14432648633990916,0.22539553477656943
ecl32,0.0001832,0.0015143,0.000912672,0.1209799907548042,0.2007292871918937
Emilia,0.00618294,0.0360522,0.0190424,0.17149965882803267,0.32469331596857537
epb1,0.000112032,0.000545504,0.00047696,0.20537337948026044,0.23488762160348875
ESOC,0.000418592,0.00703696,0.00361059,0.059484777517564404,0.11593451485768255
Eternity,0.00249558,0.000311168,0.000430208,8.020040621143561,5.800868417137756
ex19,0.000170496,0.000535136,0.000501536,0.3186031214495007,0.33994768072481335
F2,0.000917024,0.00198765,0.00146582,0.461360903579604,0.6256047809417254
fd18,0.00031328,0.00196374,0.0013521,0.1595323209793557,0.23169883884328082
fem,0.00100522,0.00205971,0.00124602,0.48803957838724865,0.8067446750453444
finan,0.000248384,0.00175267,0.00108928,0.14171749388076477,0.2280258519388954
flower,0.000214144,0.00119542,0.000819968,0.1791370397015275,0.2611614111770215
foldoc,0.000325248,0.0005832,0.0004696,0.5576954732510289,0.6926064735945485
Franz,0.000133888,0.00142541,0.000853344,0.09392946590805452,0.15689803877451533
G2,0.000326816,0.00605546,0.00289715,0.05397046632295482,0.11280603351569647
g7jac,0.000268832,0.000414912,0.000359936,0.6479253432053061,0.7468883357041252
garon,0.000154496,0.000431776,0.000391648,0.3578151634180687,0.394476672930795
gearbox,0.00134854,0.00386704,0.00247398,0.34872667466589435,0.5450892893232766
gemat,0.00319002,0.000517184,0.000457984,6.168056243039229,6.965352501397429
graphics,0.000148128,0.000943072,0.0007496,0.15706966170133352,0.1976093916755603
gyro,0.000357024,0.000435104,0.000397376,0.8205486504375965,0.8984538573039137
H2O,0.000324416,0.00216464,0.00138333,0.1498706482371203,0.23451815546543484
HEP,0.000659712,0.000550496,0.000411264,1.1983956286694182,1.604108309990663
HTC,0.0107549,0.00286474,0.00141363,3.7542324957936843,7.608002093900101
hvdc1,0.00035408,0.000561504,0.000464704,0.6305921240098022,0.7619473901666437
IG5,0.000424064,0.000662752,0.000524352,0.6398532180966636,0.8087391675820823
Ill,0.000164384,0.00078976,0.000596224,0.20814424635332252,0.2757084585659081
interp,0.000303808,0.00486685,0.00247504,0.062423949782713664,0.12274872325295752
IMDB,0.00577635,0.00894643,0.00547184,0.6456597771401554,1.0556503845141672
ibm01,0.000221728,0.000485056,0.000448032,0.45711835334476847,0.4948932219127205
ibm02,0.00047136,0.000674464,0.000556928,0.6988660625326184,0.8463571592737301
ibm03,0.000233024,0.000687936,0.000509984,0.3387291841101498,0.4569241387965113
ibm04,0.000321312,0.000846848,0.000603072,0.37942110036275695,0.5327921044253422
ibm05,0.000226752,0.000823328,0.000607488,0.2754090714757666,0.37326169405815424
ibm06,0.00024896,0.00092256,0.000648768,0.269857787027402,0.3837427246719937
ibm07,0.000239488,0.00110134,0.000761248,0.2174514682114515,0.31459918449703644
ibm08,0.000409216,0.00106262,0.000760384,0.38510097683085204,0.5381701876946385
ibm09,0.00028816,0.00149117,0.00109152,0.19324423104005578,0.2639988273233656
ibm10,0.000360224,0.00195827,0.00119632,0.18395011923789878,0.3011100708840444
ibm11,0.000263008,0.0016985,0.000976384,0.15484721813364735,0.26936942842160466
ibm12,0.000298112,0.00182877,0.0010735,0.16301229788327676,0.2777009781089893
ibm13,0.000317248,0.00229667,0.00129149,0.1381339069174065,0.24564495272901843
ibm14,0.000398112,0.00336349,0.001748,0.11836277200170062,0.22775286041189932
ibm15,0.000444896,0.00411635,0.00204422,0.10808021669683092,0.21763606656817763
ibm16,0.000560128,0.00517162,0.00263069,0.10830803500643899,0.21292056456671063
kim1,0.000159104,0.00124301,0.000829696,0.127998970241591,0.19176180191298983
kkt,0.00381904,0.0717796,0.0322252,0.05320508891105551,0.11851097898539031
duct3D,0.000345408,0.00142634,0.00103302,0.24216385994924075,0.3343671952140327
lhr14,0.000143616,0.000365792,0.000392192,0.392616568979092,0.3661879895561358
li,0.000281504,0.000724768,0.000569184,0.38840566912446467,0.4945746893798842
tissue,0.000138688,0.000989952,0.000697376,0.14009568140677528,0.19887119717340432
Lin,0.000416064,0.0125951,0.00608883,0.03303379885828616,0.06833233971058479
lp_nug,0.000189856,0.000575424,0.000475584,0.32994105216327435,0.3992060287982775
lp_pds,0.000508672,0.00143933,0.0010448,0.3534088777417271,0.48686064318529865
lung,0.000140128,0.00146787,0.000842368,0.09546349472364718,0.166350098769184
m14b,0.000717952,0.0065967,0.00352445,0.10883502357239226,0.20370611017321852
mac,0.000384736,0.00525466,0.00273066,0.07321805787624698,0.14089487523162897
Maragal,0.00810086,0.000455232,0.000333184,17.79501441023478,24.31347243565117
mc2depi,0.000514304,0.0155411,0.00718461,0.033093152994318295,0.07158412217225431
mixtank,0.000401216,0.000830528,0.00065696,0.4830854588888033,0.6107160253287871
mono,0.0015849,0.00498365,0.0027823,0.3180199251552577,0.569636631563814
mri1,0.000290272,0.00204371,0.00129683,0.14203189297894517,0.2238319594704009
msc,0.000791552,0.000302496,0.000307744,2.6167354279064847,2.5721118852032863
msdoor,0.00300886,0.00946019,0.005636,0.318054922786963,0.5338644428672817
mult_dcop,0.0147292,0.000863616,0.000376128,17.055265303097674,39.16007316658159
nasasrb,0.000474528,0.00225635,0.00168077,0.21030779799233276,0.28232774264176536
nd12k,0.00110819,0.00141107,0.00161821,0.7853543764660861,0.6848245901335427
net100,0.00061712,0.000777344,0.000676704,0.7938827597562983,0.9119496855345912
nopoly,0.000133632,0.000493792,0.000451872,0.27062406843367254,0.295729764181007
actors,0.00139789,0.00524074,0.00266198,0.26673523204738264,0.525131668908106
www,0.000335616,0.00169782,0.000996384,0.19767466515885077,0.336833991714038
obstclae,0.000171232,0.00170662,0.00107206,0.10033399350763497,0.15972240359681364
olafu,0.00018432,0.000444832,0.000399904,0.41435867923170994,0.4609106185484516
opt1,0.000391296,0.000397472,0.000386336,0.9844617985669432,1.012838565393854
Oregon,0.0016919,0.00033472,0.000338528,5.054672562141492,4.997814065601664
p2p,0.000195392,0.000413984,0.000340736,0.47197959341423823,0.5734410217881292
para,0.00590902,0.00433389,0.00257293,1.3634448497769902,2.296611256427497
parabolic,0.000776448,0.0128216,0.00630989,0.06055780869782242,0.12305254132797877
Pd,3.1744e-05,7.5904e-05,6.6272e-05,0.418212478920742,0.4789956542732979
pdb,0.000413856,0.0010815,0.00122531,0.38266851595006934,0.3377561596657172
pds,0.00100166,0.00414573,0.00224691,0.24161245426016645,0.44579444659554673
pesa,0.000154624,0.000557568,0.0005216,0.2773186409550045,0.29644171779141104
PGP,0.000319232,0.000333024,0.000319424,0.9585855674065533,0.9993989180524945
pkustk,0.000565056,0.00189888,0.00129232,0.2975733063700708,0.4372415500804754
poisson3D,0.000649888,0.00283018,0.00172138,0.22962779752524579,0.37753895130650994
poli3,0.000464896,0.000223008,0.000206592,2.0846606399770415,2.250309789343247
powersim,0.000142112,0.000412736,0.00034432,0.3443169483640875,0.41273234200743497
pre2,0.00177104,0.0149599,0.0071256,0.1183858180870193,0.24854608734703043
Pres,0.000128928,0.000438304,0.0003768,0.2941520040884865,0.3421656050955414
psse2,0.000185248,0.00074272,0.000656,0.24941835415769065,0.282390243902439
qa8fk,0.000378112,0.00265715,0.00167856,0.14229983252733192,0.22525974644933752
rajat,0.00236656,0.000999392,0.000692064,2.3679997438442575,3.4195681324270586
Reuters,0.00167098,0.000392224,0.000327136,4.260269641837318,5.10790619192018
RFdevice,0.00104307,0.00234646,0.00130477,0.4445292056970927,0.7994282517225259
rgg,0.000519872,0.00595142,0.00317229,0.08735259820345397,0.1638790904992923
rim,0.000208864,0.000506496,0.00042544,0.4123704826889057,0.49093644227153066
rma,0.000313952,0.00119782,0.00092848,0.26210282012322383,0.33813544718249183
Rucci,0.00135261,0.0785129,0.035122,0.01722786956028882,0.038511759011445816
s4dkt,0.000493344,0.00462829,0.00266083,0.10659314779324545,0.18540981573418824
scfxm,0.000171968,0.000689664,0.000504672,0.24935040831477356,0.3407520131887642
scircuit,0.00086336,0.00325411,0.00180749,0.26531371096859047,0.4776568611721227
shallow,0.000171904,0.00206522,0.00117718,0.08323762117353116,0.14603034370274726
sherman,0.00497514,0.000566048,0.000335488,8.789254621516196,14.829561713086608
ship,0.000516704,0.000892256,0.000779936,0.5790983753541584,0.6624953842366553
shock,0.000330048,0.00213475,0.00155482,0.15460733106921185,0.21227408960522762
shyy,0.000229312,0.00235536,0.00143184,0.09735751647306569,0.1601519722874064
skirt,0.00014528,0.00047328,0.000422272,0.30696416497633533,0.34404364959078504
sme3D,0.000767168,0.00079168,0.000682784,0.9690379951495555,1.123588133289591
soc-sign,0.00357344,0.00114365,0.0007576,3.124592314082106,4.716789862724394
sparsine,0.000319008,0.00129283,0.000917856,0.24675169975944247,0.34755778684238053
spmsrtls,0.000143744,0.000866368,0.000675168,0.16591563862007833,0.21290108535949573
std1_Jac3,0.00147296,0.000632736,0.000586688,2.3279219137207305,2.510635976873568
stokes,0.000150336,0.00130563,0.000825088,0.11514441304197974,0.18220601923673596
ted_A,0.000194848,0.000245248,0.000242784,0.7944937369519832,0.8025570054039805
TF16,0.00021376,0.00055488,0.000446496,0.38523644752018454,0.47875008958646886
thermal,0.000203296,0.00194938,0.00119267,0.10428751705670522,0.17045452639875236
therm,0.000334976,0.00253155,0.00153862,0.132320515099445,0.21771197566650635
tmt,0.000945408,0.030239,0.0136749,0.03126452594331823,0.06913454577364368
tomogra,0.000417536,0.00131094,0.00088736,0.3185012281263826,0.4705373241976199
torso,0.000672,0.00938589,0.00483174,0.07159683311864938,0.1390803313092178
Trec,0.00285478,0.000272896,0.0003656,10.461054760787992,7.808479212253829
Trefe,0.00016608,0.000553504,0.00044688,0.3000520321443025,0.3716433941997852
TSOPF,0.0146248,0.000736768,0.000536288,19.849939193884644,27.270421862879648
us04,0.011691,0.000235392,0.000169472,49.66608890701468,68.98484705438067
usroads,0.000264256,0.00234998,0.00142288,0.1124503187261168,0.18571910491397728
venkat,0.000197568,0.00152058,0.00103046,0.1299293690565442,0.19172796615103935
vibro,0.000347232,0.000620544,0.000530176,0.5595606435643564,0.654937228392081
plastic,0.000308,0.000978464,0.000692416,0.31477908231677404,0.4448192993807191
rocks,0.000143616,0.000895936,0.000625632,0.1602971640831488,0.22955347552554858
wave3D,0.000202176,0.000792544,0.000647392,0.25509750878184684,0.3122930156690228
wathen120,0.00016896,0.00107725,0.000772992,0.15684381527036434,0.21857923497267762
water,0.000320896,0.00226086,0.00137552,0.14193536972656423,0.23329068279632428
wang4,0.000199744,0.00135466,0.000910176,0.14744954453516013,0.2194564567731955
xenon,0.000560832,0.00466982,0.00262454,0.120097134364922,0.2136877319454076
Zhao,0.000195456,0.00144003,0.000986048,0.13573050561446637,0.19822158759005645
G67,0.000138624,0.000546272,0.000516448,0.2537636928123719,0.2684181176033212
af101,0.00289824,0.0440688,0.0201178,0.06576625639908507,0.14406346618417518
eco1,0.00116291,0.0438774,0.0194703,0.02650362145432501,0.05972737965003108
ibm18,0.000660928,0.00434266,0.0022559,0.15219427724021684,0.292977525599539
ibm17,0.0005264,0.00493891,0.00251491,0.10658222158330481,0.20931166522857678
web1M,0.0118018,0.00897258,0.00388778,1.3153184479826314,3.035614155121946
nl120,0.011314,0.157117,0.0769697,0.072010030741422,0.14699290759870443
sat_p,0.0104247,0.340411,0.143704,0.03062386350617342,0.07254286589099816
wbedu,0.0106578,0.0940242,0.0443725,0.1133516690383965,0.2401893064397994
Stanf,0.0356211,0.00329366,0.00189302,10.815050733834095,18.817075361063274
gene2,0.00963254,0.00136947,0.00158298,7.033772189241093,6.0850674045155335
Hamr3,0.00146442,0.0338348,0.0153717,0.043281473512478276,0.09526727687893986
StocF,0.00271642,0.0514494,0.0243926,0.05279789463045245,0.11136246238613351
lang,0.0153047,0.00680592,0.00317507,2.248733455579848,4.820271679049596
kron,0.0101362,0.00126192,0.00121568,8.032363382781794,8.337884969728876
case39,0.0198177,0.000919232,0.000530976,21.558975318526773,37.32315584885193
dac9,0.0127429,0.0158491,0.00742179,0.8040141080566088,1.7169577689479223
dac12,0.0133217,0.0278799,0.0128704,0.47782452591293373,1.0350649552461462
dac19,0.0119012,0.0100329,0.00471846,1.1862173449351632,2.5222636199098862
tran4,0.0569314,0.00255933,0.000770848,22.24464996698355,73.85554609987962
Cheb4,0.0472887,0.00288912,0.00165798,16.367855956138897,28.5218760178048
sat_d,0.344212,0.0217205,0.0168251,15.847333164521997,20.458243933171275
HV15R,0.0564367,0.0994233,0.0606091,0.5676405832435656,0.931158852383553
gupta2,0.0129998,0.00164883,0.0011304,7.884257321858531,11.50017692852088
ASIC,0.303431,0.0184659,0.00613533,16.431963781889863,49.456345461450326
ASIC320k,0.0986672,0.0069961,0.00230221,14.1031717671274,42.85760204325409
wiki-Talk,0.117958,0.00479437,0.00328691,24.603441119479722,35.887201049009555
com-Youtube,0.0343165,0.0167215,0.00820381,2.0522381365308138,4.18299546186467
Freescal,0.00397168,0.0577903,0.0268417,0.06872572040636576,0.14796678302790062
roadNet-CA,0.00162883,0.0354251,0.0156184,0.04597954557644156,0.10428917174614558
delaunay23,0.0120386,0.203444,0.0941724,0.05917402331845618,0.12783575654862783
coPapersDBLP,0.00774387,0.0159529,0.00920442,0.4854208325758953,0.8413208002242402
dc1,0.0568238,0.00255014,0.00078304,22.282619777737693,72.56819574989782
channel,0.0095265,0.212049,0.101434,0.04492593692967192,0.09391821282804583
as-Skitter,0.0555478,0.0314216,0.0163202,1.767822135091784,3.4036225046261688
ASIC_100k,0.0438005,0.00198614,0.000650304,22.05307782935745,67.3538837220746
dc2,0.0567746,0.00254733,0.000808736,22.287885747037095,70.20164800379852
tran5,0.0568227,0.00256563,0.000783712,22.147659639152955,72.5045680045731
GM,,,,0.2153,0.3694
