id,dataset,bipart_cut2,bipart_time2,ghypart_cut2,ghypart_time2,bipart_cut3,bipart_time3,ghypart_cut3,ghypart_time3,bipart_cut4,bipart_time4,ghypart_cut4,ghypart_time4,hedges
0,sat_10pipe_d,4135,1.722,,,8352,2.276,,,11053,3.074,,,77639
1,sat_10pipe,48230,6.64,,,97670,11.424,,,119136,10.733,,,2082017
2,sat_10pipe_p,62705,6.441,,,304303,11.726,,,187892,10.844,,,2082017
3,sat_11pipe_d,3204,17.456,,,8387,18.905,,,9750,21.405,,,89315
4,sat_11pipe,55310,12.251,,,285110,24.45,,,246497,28.429,,,5584003
5,sat_11pipe_p,210539,19.924,,,283869,20.764,,,595069,26.409,,,5584003
6,sat_11pipe_kd,4735,2.721,,,8450,4.044,,,12136,3.941,,,104244
7,sat_11pipe_k,63660,7.734,,,140237,14.768,,,158728,15.285,,,3007883
8,sat_11pipe_kp,78222,5.286,,,356490,10.449,,,265374,9.781,,,3007883
9,sat_6s10_d,490,0.053,,,794,0.083,,,1170,0.1,,,33900
10,sat_6s10,2798,0.146,,,4276,0.243,,,5877,0.287,,,99184
11,sat_6s10_p,2395,0.14,,,4237,0.201,,,5402,0.253,,,99184
12,sat_6s11_d,521,0.053,,,1005,0.087,,,1384,0.104,,,33276
13,sat_6s11,2348,0.146,,,4113,0.26,,,5653,0.288,,,97312
14,sat_6s11_p,2927,0.112,,,5814,0.168,,,6149,0.229,,,97312
15,sat_6s12_d,473,0.055,,,1102,0.084,,,1441,0.102,,,34033
16,sat_6s12,2010,0.153,,,5295,0.269,,,4894,0.298,,,99580
17,sat_6s12_p,2419,0.135,,,5911,0.224,,,4931,0.252,,,99580
18,sat_130_d,474,0.08,,,601,0.119,,,1244,0.153,,,49327
19,sat_130,1913,0.177,,,5412,0.302,,,5382,0.34,,,144361
20,sat_130_p,2015,0.163,,,3814,0.288,,,5602,0.335,,,144361
21,sat_131_d,394,0.08,,,654,0.133,,,1100,0.151,,,49282
22,sat_131,1749,0.233,,,3352,0.354,,,4662,0.441,,,144226
23,sat_131_p,1832,0.119,,,3959,0.186,,,5469,0.252,,,144226
24,sat_133_d,512,0.077,,,964,0.126,,,1122,0.146,,,48215
25,sat_133,1763,0.219,,,3679,0.331,,,4809,0.419,,,140968
26,sat_133_p,1838,0.198,,,5568,0.305,,,4411,0.37,,,140968
27,sat_153_d,94,0.137,,,415,0.217,,,458,0.272,,,85646
28,sat_153,192,0.313,,,1653,0.504,,,2981,0.636,,,245440
29,sat_153_p,467,0.273,,,520,0.472,,,1710,0.519,,,245440
30,sat_16_d,460,0.049,,,1053,0.077,,,1120,0.094,,,31483
31,sat_16,1890,0.138,,,4055,0.21,,,5192,0.271,,,91888
32,sat_16_p,1979,0.128,,,4505,0.182,,,5216,0.241,,,91888
33,sat_184_d,704,0.053,,,1188,0.085,,,1648,0.098,,,33365
34,sat_184,2805,0.145,,,5646,0.216,,,6345,0.281,,,97516
35,sat_184_p,2240,0.141,,,4583,0.213,,,5499,0.254,,,97516
36,sat_9_d,410,0.053,,,802,0.084,,,1233,0.1,,,34317
37,sat_9,2276,0.163,,,4727,0.244,,,4806,0.318,,,100384
38,sat_9_p,2620,0.13,,,4068,0.2,,,5076,0.244,,,100384
39,sat_9dlx_d,1331,0.922,,,1793,1.237,,,2843,1.3,,,69789
40,sat_9dlx,37022,1.763,,,111717,3.479,,,132497,3.679,,,968295
41,sat_9dlx_p,57266,1.704,,,167774,3.024,,,192548,2.859,,,968295
42,sat_bug7,367093,26.254,,,873059,37.855,,,1320570,67.545,,,13378010
43,sat_bug8_d,3553,40.034,,,20334,46.504,,,21410,60.403,,,521179
44,sat_bug8,354839,28.329,,,695726,58.781,,,1058041,54.928,,,13378617
45,sat_bug8_p,370110,33.765,,,1544126,112.917,,,1954653,78.741,,,13378617
46,sat_aaai_d,1451,0.175,,,3612,0.289,,,4173,0.339,,,53919
47,sat_aaai,3180,0.494,,,5194,1.038,,,6895,1.094,,,308235
48,sat_aaai_p,2392,0.144,,,3915,0.247,,,6313,0.286,,,308235
49,sat_ACG_10p_d,2242,0.89,,,7129,1.475,,,6845,1.743,,,381708
50,sat_ACG_10p,5768,1.767,,,8121,2.864,,,14232,3.466,,,1632906
51,sat_ACG_10p_p,10620,1.766,,,15845,2.718,,,20120,3.387,,,1632906
52,sat_ACG_5p0_d,2111,0.727,,,3300,1.165,,,4997,1.409,,,324716
53,sat_ACG_5p0,6486,1.637,,,10978,2.63,,,16951,3.089,,,1390931
54,sat_ACG_5p0_p,9347,1.492,,,15219,2.423,,,19497,2.873,,,1390931
55,sat_ACG_5p1_d,2190,0.835,,,7341,1.407,,,6915,1.674,,,331196
56,sat_ACG_5p1,5506,1.868,,,11846,2.972,,,15941,3.637,,,1416850
57,sat_ACG_5p1_p,7080,1.728,,,13822,2.576,,,18698,3.279,,,1416850
58,sat_01_d,300,0.015,,,747,0.022,,,1045,0.024,,,7502
59,sat_01,1105,0.033,,,2886,0.054,,,3246,0.059,,,28770
60,sat_01_p,1276,0.033,,,3341,0.044,,,3926,0.059,,,28770
61,sat_27_d,211,0.013,,,376,0.02,,,658,0.021,,,7729
62,sat_27,2852,0.054,,,5126,0.076,,,5606,0.082,,,29194
63,sat_27_p,3201,0.035,,,4902,0.072,,,5468,0.06,,,29194
64,sat_enc1_opt1_05_d,828,0.235,,,1368,0.345,,,2014,0.422,,,59517
65,sat_enc1_opt1_05,3645,0.824,,,6393,1.373,,,8202,1.486,,,561784
66,sat_enc1_opt1_05_p,2918,0.781,,,4815,1.47,,,5081,1.478,,,561784
67,sat_enc1_opt1_10_d,451,0.107,,,803,0.173,,,1149,0.206,,,46993
68,sat_enc1_opt1_10,1854,0.328,,,3189,0.592,,,3148,0.598,,,270831
69,sat_enc1_opt1_10_p,3114,0.157,,,5514,0.239,,,4677,0.305,,,270831
70,sat_enc1_opt1_15_d,724,0.284,,,1411,0.45,,,1530,0.521,,,61642
71,sat_enc1_opt1_15,2235,0.868,,,4033,1.55,,,3554,1.671,,,644099
72,sat_enc1_opt1_15_p,2927,0.943,,,3700,1.388,,,4840,1.82,,,644099
73,sat_enc1_opt2_4_d,548,0.131,,,1072,0.218,,,1718,0.238,,,14636
74,sat_enc1_opt2_4,357,0.296,,,773,0.469,,,950,0.581,,,386163
75,sat_enc1_opt2_4_p,495,0.251,,,1363,0.394,,,1498,0.472,,,386163
76,sat_enc1_opt2_12_d,370,0.049,,,946,0.083,,,1261,0.092,,,9495
77,sat_enc1_opt2_12,382,0.115,,,729,0.165,,,785,0.215,,,147853
78,sat_enc1_opt2_12_p,789,0.174,,,1646,0.289,,,3120,0.375,,,147853
79,sat_enc1_opt2_16_d,398,0.052,,,899,0.085,,,1353,0.098,,,9643
80,sat_enc1_opt2_16,424,0.106,,,801,0.175,,,770,0.209,,,152744
81,sat_enc1_opt2_16_p,727,0.105,,,1266,0.173,,,1586,0.213,,,152744
82,sat_enc2_opt1_05_d,705,0.225,,,1321,0.342,,,1720,0.394,,,56533
83,sat_enc2_opt1_05,1440,0.684,,,2880,1.021,,,4145,1.354,,,526872
84,sat_enc2_opt1_05_p,1980,0.669,,,4274,1.105,,,6142,1.4,,,526872
85,sat_enc2_opt1_15_d,674,0.248,,,1215,0.398,,,1545,0.458,,,58752
86,sat_enc2_opt1_15,1488,0.837,,,2979,1.104,,,5391,1.61,,,580963
87,sat_enc2_opt1_15_p,2064,0.902,,,4298,1.289,,,6023,1.635,,,580963
88,sat_enc3_opt1_50_d,3958,4.997,,,6613,7.487,,,7965,9.155,,,1613160
89,sat_enc3_opt1_50,17953,18.545,,,54965,27.575,,,54888,34.092,,,6429816
90,sat_enc3_opt1_50_p,1980,7.891,,,5452,12.614,,,8650,15.846,,,6429816
91,sat_enc3_opt2_21_d,3230,4.324,,,3573,6.113,,,6588,8.005,,,1484061
92,sat_enc3_opt2_21,903,6.544,,,1867,10.543,,,6293,12.901,,,5933456
93,sat_enc3_opt2_21_p,4304,6.959,,,2529,11.23,,,14102,13.799,,,5933456
94,sat_enc3_opt2_12_d,2428,3.619,,,4042,5.831,,,4815,6.678,,,1236271
95,sat_enc3_opt2_12,1449,5.44,,,5052,8.863,,,6459,10.971,,,4932603
96,sat_enc3_opt2_12_p,12096,5.688,,,13064,9.455,,,20152,11.185,,,4932603
97,sat_enc3_opt2_14_d,3491,3.624,,,4129,5.864,,,6585,6.62,,,1240678
98,sat_enc3_opt2_14,1362,5.465,,,4267,8.357,,,4983,10.815,,,4950217
99,sat_enc3_opt2_14_p,7359,5.695,,,10940,9.388,,,16263,11.11,,,4950217
100,sat_blocks_d,1521,5.365,,,11578,8.644,,,10110,10.692,,,559571
101,sat_blocks,19987,14.57,,,43346,23.825,,,62347,29.007,,,10223027
102,sat_blocks_p,21984,15.551,,,54432,24.845,,,84823,31.08,,,10223027
103,sat_bob-opt_d,174,0.081,,,321,0.129,,,364,0.154,,,51144
104,sat_bob-opt,1427,0.165,,,2559,0.255,,,2092,0.336,,,152446
105,sat_bob-opt_p,421,0.107,,,6852,0.194,,,5344,0.241,,,152446
106,sat_bob_d,248,0.035,,,827,0.055,,,1008,0.067,,,26294
107,sat_bob,1919,0.105,,,4622,0.184,,,4404,0.215,,,77920
108,sat_bob_p,2039,0.081,,,4705,0.14,,,5107,0.169,,,77920
109,sat_c10_d,1496,0.218,,,1736,0.347,,,3398,0.386,,,133998
110,sat_c10,6731,0.697,,,14196,1.248,,,16012,1.337,,,398467
111,sat_c10_p,7909,0.588,,,13741,0.917,,,19766,1.095,,,398467
112,sat_count_d,117,0.029,,,235,0.047,,,385,0.054,,,18607
113,sat_count,379,0.053,,,866,0.086,,,994,0.109,,,55724
114,sat_count_p,424,0.05,,,726,0.083,,,1074,0.099,,,55724
115,sat_ctl_d,982,0.053,,,2285,0.104,,,2510,0.109,,,8806
116,sat_ctl,0,0.088,,,3187,0.148,,,3722,0.185,,,90812
117,sat_ctl_p,1710,0.125,,,20184,0.206,,,7018,0.276,,,90812
118,sat_ctl_5_d,2985,0.083,,,10628,0.565,,,10703,0.201,,,15232
119,sat_ctl_5,5096,0.244,,,10346,0.523,,,12531,0.537,,,134756
120,sat_ctl_5_p,4950,0.186,,,9677,0.338,,,12093,0.366,,,134756
121,sat_dated_11_d,3743,0.363,,,7774,0.617,,,8928,0.703,,,141860
122,sat_dated_11,10089,0.913,,,16021,1.473,,,18184,1.65,,,629461
123,sat_dated_11_p,8158,0.411,,,15321,0.598,,,14398,0.782,,,629461
124,sat_dated_17_d,6684,0.736,,,10969,1.294,,,13883,1.605,,,229544
125,sat_dated_17,16829,1.588,,,25032,2.697,,,27074,2.96,,,1070757
126,sat_dated_17_p,15439,1.536,,,25817,2.598,,,32133,2.83,,,1070757
127,sat_E02F20_d,384,0.158,,,710,0.242,,,1302,4.036,,,10420
128,sat_E02F20,190,0.275,,,4849,0.46,,,9502,0.549,,,395383
129,sat_E02F20_p,223,0.887,,,8507,1.441,,,10383,1.75,,,395383
130,sat_E02F22_d,486,1.02,,,956,1.369,,,1343,24.943,,,13574
131,sat_E02F22,243,0.895,,,7721,1.565,,,15307,1.836,,,1301188
132,sat_E02F22_p,367,2.548,,,9142,4.338,,,20812,5.232,,,1301188
133,sat_gss-18_d,284,0.054,,,410,0.086,,,563,0.106,,,31364
134,sat_gss-18,1253,0.103,,,3481,0.172,,,2989,0.197,,,94269
135,sat_gss-18_p,1454,0.084,,,2170,0.13,,,3132,0.168,,,94269
136,sat_gss-19_d,186,0.053,,,389,0.086,,,610,0.104,,,31435
137,sat_gss-19,1450,0.138,,,2323,0.192,,,3376,0.247,,,94548
138,sat_gss-19_p,1642,0.089,,,2565,0.139,,,3242,0.165,,,94548
139,sat_gss-20_d,311,0.056,,,485,0.086,,,703,0.107,,,31503
140,sat_gss-20,1622,0.116,,,3056,0.192,,,3127,0.225,,,94748
141,sat_gss-20_p,1475,0.088,,,2590,0.13,,,3027,0.166,,,94748
142,sat_gss-22_d,276,0.053,,,514,0.082,,,616,0.103,,,31616
143,sat_gss-22,1515,0.108,,,3209,0.184,,,3517,0.202,,,95110
144,sat_gss-22_p,1947,0.074,,,3161,0.117,,,3448,0.136,,,95110
145,sat_k45_d,183,0.301,,,945,0.506,,,1094,0.556,,,163622
146,sat_k45,1089,0.48,,,1285,0.778,,,2354,0.948,,,488120
147,sat_k45_p,841,0.37,,,1151,0.586,,,2027,0.716,,,488120
148,sat_itox_d,79,0.26,,,548,0.399,,,1111,0.523,,,152256
149,sat_itox,31,0.738,,,1483,1.195,,,4431,1.415,,,441729
150,sat_itox_p,149,0.536,,,3414,0.874,,,2734,1.171,,,441729
151,sat_k2fix_d,3482,0.128,,,7007,0.227,,,9396,0.32,,,11313
152,sat_k2fix,0,0.321,,,40,0.643,,,197,0.666,,,305160
153,sat_k2fix_p,1665,0.435,,,3722,0.632,,,8630,0.853,,,305160
154,sat_manol_c10_i_d,1360,0.457,,,2176,0.636,,,3528,0.815,,,252516
155,sat_manol_c10_i,7236,1.14,,,19555,2.013,,,18853,2.002,,,750877
156,sat_manol_c10_i_p,15781,0.84,,,16114,1.223,,,30184,1.522,,,750877
157,sat_manol_c10_d,3645,0.849,,,4140,1.382,,,7482,1.509,,,433601
158,sat_manol_c10,9628,2.591,,,22497,4.171,,,27391,5.214,,,1291714
159,sat_manol_c10_p,12314,1.588,,,28184,2.641,,,26750,3.024,,,1291714
160,sat_manol_c8_d,1657,0.487,,,4705,0.741,,,4107,0.871,,,269048
161,sat_manol_c8,9976,1.623,,,19720,2.693,,,22671,3.161,,,799867
162,sat_manol_c8_p,8266,1.455,,,15345,2.152,,,19189,2.605,,,799867
163,sat_manol_g10_i_d,1609,0.49,,,3784,0.701,,,4775,0.867,,,266405
164,sat_manol_g10_i,8782,1.66,,,13288,2.478,,,16148,3.103,,,792175
165,sat_manol_g10_i_p,7748,1.32,,,14911,2.116,,,17773,2.544,,,792175
166,sat_MD5-28-1_d,739,0.026,,,1102,0.038,,,1680,0.046,,,8282
167,sat_MD5-28-1,4881,0.109,,,8099,0.164,,,10232,0.186,,,62558
168,sat_MD5-28-1_p,4181,0.049,,,7069,0.075,,,9366,0.09,,,62558
169,sat_MD5-28-2_d,680,0.024,,,1221,0.036,,,1686,0.042,,,8281
170,sat_MD5-28-2,4283,0.101,,,8270,0.175,,,9779,0.189,,,62554
171,sat_MD5-28-2_p,4254,0.052,,,7211,0.076,,,10282,0.091,,,62554
172,sat_MD5-28-4_d,680,0.024,,,1175,0.036,,,1686,0.041,,,8281
173,sat_MD5-28-4,4315,0.058,,,8131,0.113,,,10064,0.126,,,62544
174,sat_MD5-28-4_p,4027,0.056,,,9645,0.089,,,9698,0.098,,,62544
175,sat_MD5-29-4_d,670,0.027,,,1520,0.041,,,1674,0.049,,,8590
176,sat_MD5-29-4,4273,0.061,,,9219,0.112,,,9947,0.12,,,65312
177,sat_MD5-29-4_p,4863,0.055,,,9855,0.083,,,9547,0.091,,,65312
178,sat_MD5-30-4_d,632,0.028,,,1390,0.042,,,1729,0.051,,,8905
179,sat_MD5-30-4,4667,0.063,,,7839,0.1,,,11455,0.128,,,68106
180,sat_MD5-30-4_p,4538,0.056,,,7904,0.086,,,11283,0.101,,,68106
181,sat_MD5-30-5_d,721,0.027,,,1464,0.038,,,1764,0.049,,,8905
182,sat_MD5-30-5,4620,0.063,,,9194,0.123,,,10618,0.132,,,68103
183,sat_MD5-30-5_p,5377,0.085,,,11003,0.129,,,11211,0.148,,,68103
184,sat_min_d,1924,0.596,,,6093,0.885,,,11328,1.135,,,249327
185,sat_min,4034,1.025,,,29144,1.84,,,40203,2.12,,,746444
186,sat_min_p,4753,0.736,,,34540,1.249,,,44676,1.399,,,746444
187,sat_p30_d,3509,1.125,,,4252,2.005,,,12466,2.257,,,324116
188,sat_p30,5379,2.093,,,8940,3.448,,,19337,4.156,,,1643601
189,sat_p30_p,4284,0.841,,,26003,1.393,,,17238,1.677,,,1643601
190,sat_p30_NOT_d,1840,0.307,,,3624,0.492,,,3923,0.564,,,95456
191,sat_p30_NOT,3873,0.633,,,7811,0.973,,,11735,1.297,,,483561
192,sat_p30_NOT_p,4350,0.212,,,30832,0.356,,,13581,0.472,,,483561
193,sat_non_p30_d,3509,1.119,,,4252,2.009,,,12466,2.255,,,324116
194,sat_non_p30,5379,2.09,,,8940,3.436,,,19337,4.145,,,1643601
195,sat_non_p30_p,4284,0.843,,,26003,1.402,,,17238,1.674,,,1643601
196,sat_post_d,821,0.89,,,1423,1.423,,,1962,1.644,,,276895
197,sat_post,5236,1.906,,,6493,3.122,,,14107,3.727,,,1607567
198,sat_post_p,1983,1.028,,,7466,1.726,,,4886,1.99,,,1607567
199,sat_post-ee_d,349,0.888,,,724,1.344,,,1084,1.633,,,266199
200,sat_post-ee,4820,1.31,,,4723,2.032,,,6462,2.647,,,1575975
201,sat_post-ee_p,2470,0.577,,,2900,0.935,,,4730,1.13,,,1575975
202,sat_L100_d,513,2.465,,,2286,2.895,,,2908,3.082,,,315617
203,sat_L100,63207,2.905,,,156916,5.525,,,263510,6.011,,,1522583
204,sat_L100_p,76911,2.339,,,155502,3.093,,,181716,4.547,,,1522583
205,sat_L150_d,2142,5.095,,,2888,5.784,,,4947,6.15,,,486992
206,sat_L150,121741,3.918,,,189453,7.22,,,256302,12.408,,,2456708
207,sat_L150_p,182673,5.694,,,258778,5.718,,,316389,9.143,,,2456708
208,sat_L200_d,608,8.662,,,3954,9.87,,,4544,10.346,,,670867
209,sat_L200,166731,5.965,,,315631,12.908,,,394223,13.738,,,3513333
210,sat_L200_p,145077,3.742,,,318292,5.225,,,414424,8.672,,,3513333
211,sat_L80_d,465,1.708,,,2018,1.986,,,2407,2.186,,,250567
212,sat_L80,84188,3.594,,,108954,4.62,,,162996,5.73,,,1183233
213,sat_L80_p,61474,1.582,,,124830,2.359,,,142953,3.481,,,1183233
214,sat_k100_1d,674,4.502,,,2511,7.183,,,4521,8.98,,,1621762
215,sat_k100_1,1365,7.683,,,5577,12.521,,,7598,15.29,,,6356704
216,sat_k100_1p,1202,6.53,,,3604,8.183,,,9403,11.587,,,6356704
217,sat_k100_2d,1264,4.703,,,2391,7.64,,,2863,9.256,,,1621756
218,sat_k100_2,2391,9.331,,,9673,14.789,,,10791,18.141,,,6356692
219,sat_k100_2p,2004,7.637,,,4324,12.011,,,13082,15.331,,,6356692
220,sat_k70_d,701,3.229,,,2035,5.071,,,3096,6.713,,,1131652
221,sat_k70,4573,5.387,,,7593,8.944,,,9172,10.725,,,4433524
222,sat_k70_p,1192,3.535,,,8180,5.741,,,3585,7.03,,,4433524
223,sat_k75_d,1285,3.461,,,2166,5.514,,,2896,6.838,,,1213331
224,sat_k75,3945,5.726,,,8227,9.506,,,11515,11.382,,,4754042
225,sat_k75_p,1755,5.678,,,7919,9.179,,,16022,11.989,,,4754042
226,sat_k80_d,730,3.689,,,3866,5.64,,,2764,7.333,,,1295022
227,sat_k80,2479,7.172,,,9579,11.771,,,19835,14.376,,,5074584
228,sat_k80_p,1170,4.084,,,2454,6.549,,,4810,8.093,,,5074584
229,sat_k85_2d,1066,4.005,,,2822,6.562,,,5441,7.884,,,1376701
230,sat_k85_2,4061,8.54,,,7826,12.824,,,15909,16.595,,,5395102
231,sat_k85_2p,1182,4.308,,,4742,6.962,,,3597,9.299,,,5395102
232,sat_k85_3d,1066,4.016,,,2833,6.559,,,5432,7.903,,,1376701
233,sat_k85_3,4061,8.544,,,7826,12.866,,,15909,16.611,,,5395102
234,sat_k85_3p,1182,4.321,,,4742,6.948,,,3597,9.289,,,5395102
235,sat_k90_d,669,4.045,,,3182,6.589,,,7747,8.302,,,1458392
236,sat_k90,1472,6.906,,,4918,11.148,,,8814,13.74,,,5715644
237,sat_k90_p,1266,5.054,,,2390,7.263,,,3641,9.589,,,5715644
238,sat_k95_d,854,4.295,,,3051,7.004,,,4683,8.518,,,1540071
239,sat_k95,3956,11.132,,,4823,13.718,,,15626,19.764,,,6036162
240,sat_k95_p,1240,4.844,,,2361,7.96,,,3602,9.628,,,6036162
241,sat_slp_d,1125,0.174,,,3709,0.292,,,4178,0.337,,,94998
242,sat_slp,3912,0.533,,,9631,0.938,,,18074,1.059,,,302862
243,sat_slp_p,3736,0.433,,,10672,0.753,,,17518,0.837,,,302862
244,sat_030_d,370,1.495,,,1029,2.209,,,1876,2.926,,,361750
245,sat_030,14025,2.861,,,27733,5.016,,,45007,5.376,,,1934720
246,sat_030_p,15113,1.775,,,51804,2.703,,,72794,3.398,,,1934720
247,sat_050_d,740,2.544,,,2099,4.189,,,1726,4.997,,,602670
248,sat_050,13197,4.349,,,53825,7.697,,,55289,9.273,,,3224280
249,sat_050_p,13685,3.001,,,52623,4.777,,,84012,5.831,,,3224280
250,sat_UCG-10p0_d,1257,0.657,,,5259,1.044,,,4862,1.367,,,199304
251,sat_UCG-10p0,4146,1.741,,,10767,2.869,,,17767,3.327,,,1005834
252,sat_UCG-10p0_p,9318,1.65,,,16145,2.66,,,22203,3.118,,,1005834
253,sat_UCG-10p1_d,1880,0.585,,,4097,0.912,,,5426,1.213,,,200003
254,sat_UCG-10p1,4821,1.057,,,12662,1.739,,,30463,2.012,,,1019221
255,sat_UCG-10p1_p,7742,1.075,,,21305,1.718,,,21658,1.965,,,1019221
256,sat_UCG-5p0_d,2314,0.834,,,5974,1.6,,,6611,1.68,,,224587
257,sat_UCG-5p0,10114,2.153,,,19242,3.638,,,21825,4.068,,,1190673
258,sat_UCG-5p0_p,9083,2.049,,,20459,3.277,,,23681,3.895,,,1190673
259,sat_UR-15_d,2995,0.485,,,5415,0.789,,,6876,0.996,,,199996
260,sat_UR-15,11446,1.862,,,18380,2.979,,,22830,3.491,,,1019200
261,sat_UR-15_p,11461,1.663,,,22871,2.826,,,25838,3.212,,,1019200
262,sat_UR-20_d,3364,0.575,,,5180,0.929,,,8256,1.079,,,224569
263,sat_UR-20,13568,2.332,,,23275,3.753,,,27836,4.27,,,1190619
264,sat_UR-20_p,15164,1.861,,,31724,3.138,,,34304,3.62,,,1190619
265,sat_UTI_d,297,0.695,,,602,1.095,,,812,1.365,,,260342
266,sat_UTI,1519,2.237,,,6182,3.551,,,7639,4.436,,,1391257
267,sat_UTI_p,935,1.686,,,3155,2.657,,,6160,3.239,,,1391257
268,sat_2.0_d,2376,3.264,,,3344,4.174,,,5492,4.386,,,151669
269,sat_2.0,86725,4.964,,,270039,10.988,,,321533,10.719,,,2465731
270,sat_2.0_p,107679,7.601,,,302520,10.905,,,342689,13.061,,,2465731
271,sat_4.0-9_d,1544,1.872,,,2383,2.49,,,7562,2.883,,,96177
272,sat_4.0-9,120037,5.459,,,218795,7.361,,,227823,9.568,,,1814189
273,sat_4.0-9_p,106003,3.199,,,243074,4.136,,,346006,6.108,,,1814189
274,192bit,10049,0.077,,,21310,0.063,,,27942,0.11,,,13691
275,2cubes,4200,0.345,,,12484,0.553,,,14387,0.664,,,101492
276,2D,1025,0.088,,,2235,0.143,,,2330,0.174,,,54019
277,3D,7099,1.431,,,24031,2.237,,,24941,2.802,,,292008
278,ABACUS,673,0.04,,,697,0.064,,,1066,0.076,,,23412
279,af23560,822,0.055,,,1360,0.087,,,3331,0.11,,,23560
280,af_shell,5060,1.023,,,6240,1.605,,,9200,2.009,,,504855
281,airfoil,407,0.031,,,721,0.052,,,1454,0.06,,,14214
282,Andrews,5610,0.183,,,12138,0.334,,,12856,0.391,,,60000
283,appu,13869,0.226,,,27898,0.24,,,41632,0.245,,,14000
284,as-22,797,0.028,,,1483,0.052,,,2248,0.064,,,22963
285,astro,4174,0.064,,,8678,0.074,,,11735,0.088,,,16046
286,atmos,19927,3.726,,,49536,6.231,,,59732,7.52,,,1270432
287,av41092,1182,0.276,,,3370,0.329,,,3060,0.438,,,41092
288,barrier,8979,0.457,,,17490,0.741,,,22938,0.841,,,113076
289,Baumann,2744,0.189,,,4318,0.315,,,6890,0.404,,,112211
290,bayer04,85,0.022,,,203,0.034,,,284,0.042,,,20545
291,bbmat,1196,0.125,,,2950,0.23,,,4251,0.253,,,38744
292,bcsstk,540,0.038,,,1083,0.059,,,1823,0.073,,,13992
293,Ben,2010,0.605,,,3648,0.895,,,5502,1.211,,,245874
294,bibd,1003,0.005,,,1825,0.014,,,2596,0.014,,,1176
295,bips,75,0.013,,,388,0.019,,,326,0.022,,,15066
296,bloweya,5038,0.07,,,8044,0.086,,,8742,0.091,,,30004
297,bundle,1253,0.047,,,2766,0.066,,,4598,0.069,,,10581
298,c-55,4465,0.086,,,8387,0.124,,,9276,0.143,,,32780
299,c-61,2754,0.081,,,5022,0.12,,,5440,0.137,,,43618
300,c-64,1194,0.256,,,7859,0.411,,,12347,0.441,,,51035
301,CondMat,5669,0.082,,,10082,0.117,,,13516,0.109,,,23133
302,cage10,2491,0.052,,,5396,0.066,,,6767,0.075,,,11397
303,ccc,75,0.075,,,4275,0.114,,,7625,0.141,,,49152
304,cfd,2316,0.243,,,4340,0.379,,,7709,0.487,,,70656
305,Chem97Zt,35,0.005,,,72,0.006,,,75,0.009,,,2541
306,circuit,1347,0.019,,,2487,0.026,,,4548,0.037,,,12127
307,ckt,176,0.07,,,2616,0.122,,,2459,0.141,,,49702
308,cnr,51,0.333,,,229,0.558,,,1114,0.668,,,247501
309,conf5_4,0,0.149,,,9441,0.23,,,16110,0.289,,,49152
310,copter,1100,0.044,,,4162,0.082,,,3548,0.087,,,17222
311,coupled,2105,0.047,,,3969,0.063,,,4710,0.07,,,11341
312,crash,2634,0.327,,,4758,0.481,,,7526,0.647,,,160000
313,cryg,224,0.011,,,492,0.018,,,751,0.025,,,10000
314,crystk,1121,0.053,,,2330,0.076,,,3818,0.102,,,13965
315,d_pretok,3206,0.322,,,11548,0.53,,,12430,0.669,,,182730
316,dac11,2237,1.227,,,6221,1.826,,,7249,2.387,,,935731
317,dac14,16190,1.525,,,11078,1.877,,,20857,2.734,,,619815
318,dac16,11067,0.94,,,17525,1.471,,,20071,1.748,,,697458
319,dac2,6328,2.078,,,15570,3.603,,,16780,4.201,,,990899
320,dac3,3372,1.164,,,11683,1.753,,,14780,2.182,,,898001
321,dac6,5739,2.111,,,8176,3.484,,,18772,3.883,,,1006629
322,dac7,2631,1.91,,,6639,2.988,,,10755,3.772,,,1340418
323,delta,675,0.118,,,6575,0.192,,,5622,0.244,,,68600
324,denormal,1272,0.147,,,2874,0.238,,,3690,0.285,,,89400
325,dict,0,0.088,,,817,0.201,,,2951,0.257,,,39327
326,diel,5174,2.696,,,21870,4.148,,,25186,5.355,,,607232
327,cova2,1171,0.16,,,3272,0.262,,,3549,0.309,,,65025
328,ecl32,2493,0.186,,,4886,0.255,,,6522,0.359,,,51993
329,Emilia,27009,4.218,,,69285,6.466,,,84297,7.914,,,923136
330,epb1,231,0.019,,,546,0.033,,,869,0.041,,,14734
331,ESOC,176807,0.972,,,296018,1.671,,,422085,1.479,,,327062
332,Eternity,1058,0.109,,,1866,0.158,,,4043,0.186,,,7362
333,ex19,0,0.022,,,593,0.033,,,360,0.039,,,12005
334,F2,2982,0.321,,,7652,0.497,,,7985,0.641,,,71505
335,fd18,165,0.06,,,422,0.072,,,797,0.1,,,16428
336,fem,3744,0.275,,,6961,0.423,,,9323,0.528,,,74062
337,finan,156,0.118,,,447,0.191,,,407,0.238,,,74752
338,flower,5118,0.073,,,9005,0.121,,,13238,0.141,,,27693
339,foldoc,7005,0.053,,,13113,0.07,,,16760,0.063,,,13356
340,Franz,23943,0.136,,,50199,0.191,,,54864,0.229,,,47104
341,G2,791,0.254,,,1517,0.406,,,2252,0.491,,,150102
342,g7jac,856,0.026,,,1772,0.038,,,2478,0.046,,,11790
343,garon,812,0.023,,,1262,0.036,,,2672,0.045,,,13535
344,gearbox,1723,0.484,,,5998,0.834,,,8514,0.953,,,153746
345,gemat,71,0.007,,,224,0.012,,,365,0.012,,,4929
346,graphics,558,0.021,,,1464,0.034,,,1518,0.039,,,29493
347,gyro,321,0.045,,,1095,0.073,,,1032,0.09,,,17361
348,H2O,13952,0.396,,,31399,0.6,,,41836,0.701,,,67024
349,HEP,4411,0.149,,,13602,0.151,,,15340,0.198,,,24541
350,HTC,1983,0.196,,,8955,0.313,,,16291,0.411,,,226340
351,hvdc1,113,0.023,,,285,0.036,,,504,0.047,,,24842
352,IG5,0,0.184,,,16423,0.4,,,17755,0.405,,,30162
353,Ill,1312,0.05,,,2424,0.076,,,3126,0.1,,,20896
354,interp,946,0.145,,,2264,0.249,,,2691,0.293,,,232485
355,IMDB,25333,2.12,,,81631,2.942,,,79112,3.264,,,303617
356,ibm01,317,0.019,,,841,0.028,,,987,0.036,,,14111
357,ibm02,401,0.033,,,960,0.049,,,1566,0.064,,,19584
358,ibm03,1430,0.043,,,2269,0.072,,,3561,0.085,,,27401
359,ibm04,597,0.058,,,1458,0.081,,,2418,0.109,,,31970
360,ibm05,2397,0.06,,,6193,0.102,,,6001,0.118,,,28446
361,ibm06,1104,0.058,,,2631,0.075,,,2759,0.104,,,34826
362,ibm07,1817,0.088,,,3059,0.122,,,3778,0.153,,,48117
363,ibm08,1303,0.086,,,2590,0.132,,,3664,0.171,,,50513
364,ibm09,1128,0.09,,,2770,0.168,,,3139,0.179,,,60902
365,ibm10,2004,0.11,,,4130,0.176,,,5297,0.225,,,75196
366,ibm11,1267,0.16,,,2530,0.233,,,4341,0.301,,,81454
367,ibm12,2389,0.163,,,4772,0.286,,,5959,0.334,,,77240
368,ibm13,1444,0.146,,,3676,0.266,,,3514,0.295,,,99666
369,ibm14,3457,0.246,,,5639,0.427,,,7322,0.483,,,152772
370,ibm15,3981,0.338,,,10250,0.532,,,8367,0.616,,,186608
371,ibm16,3167,0.448,,,5735,0.691,,,7655,0.84,,,190048
372,kim1,1254,0.074,,,2568,0.128,,,2734,0.164,,,38415
373,kkt,15505,5.113,,,56341,8.172,,,39907,9.618,,,2063494
374,duct3D,3505,0.279,,,7693,0.448,,,12806,0.557,,,67173
375,lhr14,174,0.018,,,570,0.028,,,372,0.034,,,14270
376,li,3463,0.145,,,8936,0.223,,,13569,0.254,,,22695
377,tissue,626,0.05,,,1190,0.076,,,1388,0.099,,,29282
378,Lin,6960,0.489,,,12394,0.865,,,16583,1.027,,,256000
379,lp_nug,12825,0.074,,,24958,0.116,,,33175,0.116,,,15240
380,lp_pds,1113,0.072,,,2893,0.109,,,4387,0.147,,,33798
381,lung,28,0.089,,,120,0.143,,,124,0.177,,,109460
382,m14b,2039,0.76,,,6335,1.134,,,9771,1.477,,,214765
383,mac,402,0.519,,,1333,0.79,,,1616,1.033,,,206500
384,Maragal,2510,0.15,,,4544,0.166,,,6410,0.163,,,21251
385,mc2depi,1820,0.695,,,3012,1.122,,,4336,1.325,,,525825
386,mixtank,4108,0.183,,,14506,0.25,,,13149,0.318,,,29957
387,mono,11031,0.666,,,24923,1.094,,,31284,1.375,,,169410
388,mri1,561,0.172,,,1248,0.268,,,1300,0.325,,,65536
389,msc,1785,0.048,,,3729,0.073,,,5133,0.089,,,10848
390,msdoor,2128,1.066,,,4739,1.577,,,6006,2.099,,,415863
391,mult_dcop,11865,0.108,,,19655,0.145,,,25103,0.168,,,25187
392,nasasrb,934,0.164,,,3176,0.276,,,5381,0.331,,,54870
393,nd12k,12667,0.776,,,26531,1.105,,,38423,1.252,,,36000
394,net100,10294,0.135,,,33496,0.149,,,32082,0.203,,,29920
395,nopoly,72,0.012,,,229,0.019,,,210,0.023,,,10774
396,actors,12372,0.555,,,26343,0.843,,,28826,0.929,,,383640
397,www,13,0.205,,,796,0.311,,,732,1.258,,,137941
398,obstclae,420,0.038,,,1229,0.068,,,1382,0.088,,,40000
399,olafu,947,0.045,,,2461,0.069,,,3467,0.087,,,16146
400,opt1,1980,0.064,,,5568,0.1,,,5828,0.119,,,15449
401,Oregon,482,0.012,,,835,0.022,,,1561,0.033,,,11174
402,p2p,3664,0.035,,,6898,0.032,,,9142,0.043,,,6221
403,para,11045,0.643,,,17812,1.036,,,25524,1.177,,,153226
404,parabolic,1374,0.9,,,3320,1.446,,,5684,1.747,,,525825
405,Pd,0,0.033,,,0,0.056,,,0,0.053,,,4371
406,pdb,2940,0.169,,,5243,0.264,,,7004,0.33,,,36417
407,pds,1192,0.417,,,4420,0.673,,,5110,0.801,,,142596
408,pesa,109,0.015,,,404,0.023,,,322,0.028,,,11738
409,PGP,440,0.015,,,1208,0.02,,,1206,0.022,,,10680
410,pkustk,3114,0.267,,,6780,0.427,,,13812,0.521,,,87804
411,poisson3D,5245,0.376,,,11716,0.546,,,16729,0.72,,,85623
412,poli3,108,0.009,,,321,0.015,,,462,0.018,,,16955
413,powersim,56,0.009,,,197,0.014,,,320,0.017,,,15838
414,pre2,4721,1.423,,,9389,2.097,,,15645,2.747,,,659033
415,Pres,646,0.045,,,2028,0.068,,,1970,0.087,,,14822
416,psse2,150,0.023,,,380,0.036,,,506,0.045,,,28634
417,qa8fk,968,0.226,,,5067,0.338,,,8425,0.44,,,66127
418,rajat,40,0.075,,,241,0.089,,,327,0.132,,,51032
419,Reuters,5574,0.052,,,11782,0.062,,,14611,0.083,,,13314
420,RFdevice,2118,0.18,,,3641,0.286,,,5690,0.362,,,74104
421,rgg,1294,0.449,,,3400,0.723,,,2846,0.882,,,262141
422,rim,544,0.049,,,2111,0.082,,,1817,0.1,,,22560
423,rma,534,0.116,,,2081,0.201,,,2549,0.24,,,46835
424,Rucci,56507,4.285,,,113110,6.666,,,118625,8.063,,,1977885
425,s4dkt,1458,0.189,,,3363,0.307,,,5793,0.376,,,90449
426,scfxm,991,0.037,,,1892,0.064,,,2039,0.074,,,37980
427,scircuit,64,0.203,,,476,0.325,,,1289,0.404,,,170998
428,shallow,794,0.109,,,1753,0.179,,,2119,0.219,,,81920
429,sherman,6374,0.059,,,10609,0.085,,,17945,0.079,,,18510
430,ship,1584,0.189,,,5496,0.3,,,7977,0.361,,,34920
431,shock,407,0.082,,,1206,0.128,,,1581,0.153,,,36476
432,shyy,339,0.075,,,906,0.118,,,1083,0.148,,,76480
433,skirt,60,0.021,,,172,0.034,,,110,0.04,,,12598
434,sme3D,1068,0.157,,,7236,0.225,,,7308,0.295,,,29067
435,soc-sign,1405,0.171,,,13977,0.37,,,14383,0.923,,,95318
436,sparsine,20498,0.32,,,37476,0.512,,,50099,0.496,,,50000
437,spmsrtls,120,0.023,,,1261,0.037,,,348,0.045,,,29995
438,std1_Jac3,1449,0.061,,,5618,0.095,,,3930,0.133,,,21982
439,stokes,976,0.08,,,1699,0.133,,,3155,0.168,,,49666
440,ted_A,138,0.018,,,812,0.025,,,600,0.035,,,10605
441,TF16,5575,0.043,,,12302,0.087,,,17679,0.1,,,15437
442,thermal,354,0.13,,,1351,0.196,,,1842,0.258,,,82654
443,therm,927,0.182,,,828,0.294,,,2105,0.352,,,102158
444,tmt,2414,1.629,,,9638,2.706,,,7389,3.245,,,917825
445,tomogra,3514,0.175,,,6015,0.268,,,8159,0.306,,,45908
446,torso,7994,0.579,,,12568,0.872,,,18104,1.163,,,259156
447,Trec,3079,0.193,,,5558,0.216,,,8432,0.217,,,3159
448,Trefe,17375,0.095,,,36293,0.078,,,47650,0.107,,,20000
449,TSOPF,14083,4.513,,,24955,4.516,,,27200,4.563,,,30798
450,us04,91,0.014,,,170,0.017,,,276,0.073,,,163
451,usroads,244,0.134,,,412,0.216,,,792,0.263,,,129164
452,venkat,888,0.113,,,1860,0.181,,,2496,0.224,,,62424
453,vibro,2933,0.043,,,7292,0.068,,,8742,0.073,,,12328
454,plastic,1773,0.062,,,4201,0.103,,,5742,0.135,,,32769
455,rocks,482,0.076,,,2796,0.118,,,3048,0.143,,,37762
456,wave3D,769,0.053,,,1467,0.083,,,2401,0.103,,,21036
457,wathen120,929,0.058,,,1791,0.091,,,2726,0.116,,,36441
458,water,4670,0.21,,,7363,0.324,,,9952,0.367,,,60740
459,wang4,2003,0.058,,,4169,0.089,,,5656,0.108,,,26068
460,xenon,4213,0.341,,,11295,0.52,,,12555,0.658,,,157464
461,Zhao,728,0.058,,,1606,0.089,,,2425,0.117,,,33861
462,G67,0,0.011,,,475,0.017,,,477,0.019,,,10000
463,af101,4405,1.549,,,6835,2.345,,,11110,2.753,,,503625
464,eco1,2899,1.405,,,4304,2.179,,,7675,2.699,,,1000000
465,ibm18,2385,0.343,,,4392,0.554,,,5836,0.662,,,201920
466,ibm17,3080,0.374,,,7592,0.575,,,8568,0.715,,,189581
467,web1M,624,0.52,,,3603,0.87,,,3556,0.996,,,1000005
468,nl120,98010,12.292,,,178681,18.415,,,225383,24.933,,,3542400
469,sat_p,350004,38.969,,,1512276,110.815,,,1946154,82.353,,,13378010
470,wbedu,13853,14.734,,,58006,22.764,,,81358,59.272,,,6920306
471,Stanf,216,0.406,,,498,0.629,,,2926,0.727,,,261588
472,gene2,12687,12.316,,,25627,13.112,,,37915,12.805,,,14340
473,Hamr3,2573,1.993,,,8465,3.318,,,18279,3.891,,,1447360
474,StocF,7992,4.325,,,34392,7.039,,,24001,9.61,,,1465137
475,lang,21286,0.685,,,35180,0.982,,,48239,1.114,,,399130
476,kron,17055,0.481,,,40373,0.743,,,56913,0.871,,,55321
477,case39,12734,0.177,,,22176,0.232,,,33363,0.228,,,40216
478,dac9,4504,1.803,,,6140,2.552,,,10528,3.354,,,833808
479,dac12,9848,2.587,,,16430,4.242,,,21318,4.772,,,1293436
480,dac19,3082,0.886,,,38428,1.567,,,12421,1.741,,,511685
481,tran4,55401,1.174,,,120772,1.325,,,93931,1.948,,,116835
482,Cheb4,1426,1.455,,,5673,1.57,,,3268,1.643,,,68121
483,sat_d,15394,39.237,,,23366,43.748,,,32498,47.094,,,521147
484,HV15R,70635,28.631,,,259469,45.61,,,293552,55.771,,,2017169
485,gupta2,34403,0.348,,,52391,0.495,,,64257,0.526,,,62064
486,ASIC,341886,21.35,,,657895,21.87,,,640654,29.943,,,682862
487,ASIC320k,174996,21.043,,,300203,16.781,,,361491,24.011,,,321821
488,wiki-Talk,8705,2.064,,,12769,54.644,,,18161,101.307,,,147602
489,com-Youtube,83205,4.613,,,176457,8.609,,,223109,22.633,,,1134890
490,Freescal,2881,4.289,,,3932,7.005,,,4853,8.35,,,3428755
491,roadNet-CA,573,2.714,,,1250,4.426,,,1728,5.289,,,1965206
492,delaunay23,9123,17.368,,,15780,28.669,,,21647,34.476,,,8388608
493,coPapersDBLP,205244,3.333,,,397934,5.82,,,561979,5.745,,,540486
494,dc1,55401,1.165,,,120772,1.328,,,93931,1.934,,,116835
495,channel,28343,20.216,,,112361,33.095,,,95837,39.963,,,4802000
496,as-Skitter,178517,9.556,,,350915,13.318,,,369261,17.638,,,1696415
497,ASIC_100k,50699,0.817,,,84464,0.997,,,105272,1.386,,,99340
498,dc2,55401,1.168,,,120772,1.329,,,93931,1.941,,,116835
499,tran5,55401,1.17,,,120772,1.331,,,93931,1.938,,,116835
