dataset,BiPart,Policy,Mt-KaHyPar-SDet,gHyPart-B,gHyPart,best,self_speedup,mt_speedup,gHyPart-B_speedup,gHyPart_speedup,best_speedup
sat_10pipe_d,0.381,RAND,2.664,0.0885933,0.0200104,0.0200104,1,0.143026883,2.863133215,19.39790136,19.39790136
sat_10pipe,5.624,RAND,1.663,0.12474,0.0869863,0.0831705,1,3.382846167,48.33566818,66.52456464,66.52456464
sat_10pipe_p,2.386,RAND,1.417,0.0602801,0.0555249,0.0547956,1,1.684045086,40.08029497,42.98696338,43.11965071
sat_11pipe_d,1.649,RAND,4.736,1.31043,0.0639058,0.0637088,1,0.348194745,0.494123852,25.4523621,25.68996004
sat_11pipe,8.696,RAND,3.142,0.181381,0.15711,0.148431,1,2.767999915,48.37937979,58.24514401,58.24514401
sat_11pipe_p,12.898,RAND,3.757,0.207551,0.191315,0.18241,1,3.432823136,66.66046473,69.46247099,71.00976123
sat_11pipe_kd,0.667,RAND,3.551,0.12541,0.0366226,0.0366226,1,0.187832162,3.603613338,18.72096776,18.72096776
sat_11pipe_k,4.702,RAND,1.96,0.129431,0.118884,0.118884,1,2.398968268,37.91415693,38.62805504,39.5834561
sat_11pipe_kp,3.3,RAND,2.006,0.0710609,0.0619661,0.0619661,1,1.645389389,47.03608523,53.59300498,53.59300498
sat_6s10_d,0.078,RAND,0.119,0.0172543,0.00994335,0.00935685,1,0.657184921,4.656243844,8.541533205,8.541533205
sat_6s10,0.182,RAND,0.186,0.0146593,0.0138077,0.0125761,1,0.976170739,11.94319763,13.03855688,13.50980203
sat_6s10_p,0.231,RAND,0.129,0.0157068,0.0151108,0.0140945,1,1.791091853,15.47469118,15.38645992,16.94380671
sat_6s11_d,0.109,RAND,0.115,0.0181917,0.0121579,0.00998501,1,0.944237819,5.795621913,10.62833964,10.62833964
sat_6s11,0.165,RAND,0.182,0.015468,0.0158113,0.0154571,1,0.906037637,10.318175,10.44297188,11.0694423
sat_6s11_p,0.267,RAND,0.127,0.0175569,0.0120296,0.0120296,1,2.102042578,14.85652602,20.22282983,22.21334798
sat_6s12_d,0.078,RAND,0.116,0.0191163,0.0115406,0.0109196,1,0.671609437,4.262760957,6.943949861,6.943949861
sat_6s12,0.127,RAND,0.186,0.0105837,0.0129799,0.0100453,1,0.68448814,12.12676769,9.757221881,12.12676769
sat_6s12_p,0.303,RAND,0.137,0.0185566,0.00945571,0.00945571,1,2.21053684,16.56135902,30.5095088,30.63539632
sat_130_d,0.116,RAND,0.146,0.0183317,0.00878471,0.00878471,1,0.794536303,6.246297991,11.96011919,12.1540038
sat_130,0.149,RAND,0.207,0.00759322,0.00697171,0.00695513,1,0.719950472,19.21839187,21.78540933,21.78540933
sat_130_p,0.132,RAND,0.147,0.00699898,0.00749607,0.00699898,1,0.898388503,18.98182634,17.32242545,19.0696606
sat_131_d,0.151,RAND,0.152,0.0260397,0.0103486,0.00880449,1,0.996616454,6.041280752,14.78956699,15.35109791
sat_131,0.281,RAND,0.212,0.0174953,0.0100418,0.00964777,1,1.325379697,16.96460375,26.85962263,28.14974059
sat_131_p,0.361,RAND,0.146,0.0165081,0.00915462,0.00868909,1,2.478459186,21.17811321,36.19914947,41.51477167
sat_133_d,0.085,RAND,0.142,0.0183993,0.0106871,0.0106871,1,0.599535264,4.275008801,7.593285749,7.662006364
sat_133,0.252,RAND,0.199,0.015785,0.0125399,0.0125399,1,1.26531284,15.01760994,19.85706068,20.62361895
sat_133_p,0.36,RAND,0.154,0.01663,0.0165039,0.0165039,1,2.343146045,18.82392311,20.09478038,22.26221175
sat_153_d,0.107,RAND,0.196,0.0170673,0.0114753,0.0111217,1,0.546426589,6.246278502,9.193229659,9.27024943
sat_153,0.18,RAND,0.24,0.00797248,0.00896223,0.00797248,1,0.750594042,22.65441818,19.60929568,22.65441818
sat_153_p,0.175,RAND,0.172,0.0101962,0.0114423,0.00945114,1,1.016717479,17.59906514,15.30844326,18.59632792
sat_16_d,0.091,RAND,0.115,0.0162891,0.0136826,0.0124854,1,0.7912846,5.323162778,6.496937158,7.503855002
sat_16,0.215,RAND,0.168,0.0171555,0.0197578,0.0171555,1,1.282098269,11.78870258,11.34756265,12.2239658
sat_16_p,0.246,RAND,0.131,0.0149528,0.0166017,0.0146016,1,1.878267785,14.8069677,14.87906226,16.59807031
sat_184_d,0.087,RAND,0.123,0.0192461,0.0100792,0.0100792,1,0.71005701,4.357385769,8.407746724,8.809502111
sat_184,0.157,RAND,0.194,0.0118406,0.00972022,0.00972022,1,0.807775002,12.95336788,15.3832587,15.3832587
sat_184_p,0.21,RAND,0.15,0.0107971,0.0109063,0.0107971,1,1.404571741,17.44765703,17.78651105,19.52689132
sat_9_d,0.084,RAND,0.121,0.0196709,0.0112077,0.0105924,1,0.693390481,3.858361391,8.128350525,8.128350525
sat_9,0.13,RAND,0.194,0.0105092,0.0168571,0.0100037,1,0.671596023,11.85720279,7.183114156,11.85720279
sat_9_p,0.246,RAND,0.13,0.0168941,0.0156618,0.0151416,1,1.885295148,15.25590856,16.70945918,16.70945918
sat_9dlx_d,0.436,RAND,1.146,0.234523,0.0173192,0.01654,1,0.380404793,0.884332907,25.99586213,25.99586213
sat_9dlx,1.254,RAND,0.982,0.044995,0.0401538,0.0401538,1,1.276719482,28.48964013,30.59954613,32.21182744
sat_9dlx_p,1.655,RAND,1.273,0.0425386,0.0430139,0.042077,1,1.300356557,38.32926109,38.12116773,39.85186184
sat_bug7,20.276,RAND,10.859,0.369501,0.273901,0.271981,1,1.867238256,54.70788375,74.597872,75.40125247
sat_bug8_d,4.864,RAND,24.688,12.636,0.201947,0.201947,1,0.197020545,0.113844886,24.64769105,24.64769105
sat_bug8,23.432,RAND,11.131,0.386323,0.287882,0.286351,1,2.105200875,61.43616742,82.40345763,82.40345763
sat_bug8_p,18.96,RAND,11.544,0.373059,0.461694,0.373059,1,1.642429354,50.31299673,41.70130778,51.47166615
sat_aaai_d,0.118,RAND,0.29,0.0086001,0.00808094,0.00808094,1,0.407553175,12.31629927,13.92548919,14.10627765
sat_aaai,0.373,RAND,0.245,0.0129556,0.0127634,0.0127634,1,1.523898966,28.89882313,28.60166242,28.89882313
sat_aaai_p,0.396,RAND,0.226,0.0130466,0.0145277,0.0130466,1,1.751867915,28.69814767,26.22308161,29.84444712
sat_ACG_10p_d,0.517,RAND,1.261,0.0168093,0.0189898,0.0168093,1,0.410124862,29.30822388,27.36970274,30.04032492
sat_ACG_10p,1.065,RAND,1.22,0.028477,0.022856,0.0203915,1,0.872604375,37.46873208,53.66834475,53.66834475
sat_ACG_10p_p,0.944,RAND,0.897,0.0242361,0.0303146,0.0242361,1,1.051931378,37.93084051,30.96980772,39.14770795
sat_ACG_5p0_d,0.506,RAND,1.06,0.0209567,0.0168246,0.0168246,1,0.477573674,24.50398795,29.58597181,30.79619734
sat_ACG_5p0,0.95,RAND,1.028,0.0304015,0.0253615,0.0253615,1,0.923684233,32.75003792,38.01079507,38.01079507
sat_ACG_5p0_p,0.827,RAND,0.769,0.0250802,0.0250685,0.0233039,1,1.074948017,33.02188149,35.80303568,35.80303568
sat_ACG_5p1_d,0.447,RAND,1.06,0.0169213,0.015892,0.0157668,1,0.421848617,26.45549617,27.27089701,28.18215634
sat_ACG_5p1,0.938,RAND,1.057,0.0288576,0.0270814,0.0268473,1,0.887275907,33.17383016,31.20155941,35.66784038
sat_ACG_5p1_p,0.829,RAND,0.776,0.0255546,0.0269414,0.0255546,1,1.068217879,31.4642052,33.1735348,33.1735348
sat_01_d,0.047,RAND,0.063,0.00986602,0.00868939,0.00850348,1,0.751172232,4.685007974,5.025313681,5.971036661
sat_01,0.087,RAND,0.092,0.0120239,0.0101974,0.0101974,1,0.94832049,6.560838581,7.637809792,8.417019795
sat_01_p,0.07,RAND,0.071,0.00931443,0.00871405,0.00784928,1,0.987694637,7.344470348,8.873755614,8.873755614
sat_27_d,0.056,RAND,0.057,0.0187212,0.0101254,0.0096648,1,0.990587316,2.850786766,5.702961263,5.728829927
sat_27,0.11,RAND,0.087,0.0141435,0.0154708,0.0128529,1,1.268812715,8.022170362,7.612930909,8.61360166
sat_27_p,0.102,RAND,0.079,0.00944032,0.0096009,0.00885274,1,1.289169748,11.2181849,11.09080214,11.89333775
sat_enc1_opt1_05_d,0.227,RAND,0.566,0.021485,0.0144527,0.0144527,1,0.40105131,10.08897857,14.48553999,15.03968622
sat_enc1_opt1_05,0.517,RAND,0.283,0.0202884,0.0196618,0.0184406,1,1.826549761,24.30459249,27.32601468,27.86431105
sat_enc1_opt1_05_p,0.327,RAND,0.255,0.014658,0.015564,0.0143673,1,1.282278282,22.15252044,24.04553209,24.69284965
sat_enc1_opt1_10_d,0.146,RAND,0.296,0.0193751,0.0126602,0.0126602,1,0.492554361,8.699538209,10.0204527,10.83930361
sat_enc1_opt1_10,0.668,RAND,0.175,0.028818,0.0288106,0.0288106,1,3.808083774,21.53539639,22.73044348,22.73044348
sat_enc1_opt1_10_p,0.22,RAND,0.155,0.0136361,0.0161272,0.0136361,1,1.419713642,15.80278129,13.27276128,16.20184554
sat_enc1_opt1_15_d,0.22,RAND,0.606,0.0215902,0.0157015,0.0157015,1,0.362900804,9.979360867,13.95363587,14.59137517
sat_enc1_opt1_15,0.549,RAND,0.311,0.0184552,0.0157408,0.0150759,1,1.766544491,28.43425162,34.85161086,34.85161086
sat_enc1_opt1_15_p,0.459,RAND,0.276,0.0250595,0.0234497,0.0224984,1,1.662006254,20.39202445,19.2894425,20.39202445
sat_enc1_opt2_4_d,0.11,RAND,0.474,0.0157887,0.0113148,0.0103082,1,0.232005707,7.182219436,9.225788595,10.99318423
sat_enc1_opt2_4,0.18,RAND,0.163,0.0105252,0.0103004,0.0101373,1,1.102231331,16.64078101,17.38391408,18.09510789
sat_enc1_opt2_4_p,0.195,RAND,0.171,0.0110385,0.0113084,0.0109499,1,1.139482025,16.5454746,17.79115916,18.76190659
sat_enc1_opt2_12_d,0.055,RAND,0.226,0.0109591,0.0091734,0.00837724,1,0.242970131,4.705560261,5.652272213,6.275479875
sat_enc1_opt2_12,0.127,RAND,0.087,0.00818538,0.0107476,0.00818538,1,1.455749986,15.15426324,12.57064803,15.15426324
sat_enc1_opt2_12_p,0.098,RAND,0.091,0.00698397,0.008311,0.00698397,1,1.076782172,12.62896363,12.67979759,12.67979759
sat_enc1_opt2_16_d,0.046,RAND,0.229,0.00951616,0.00812078,0.00685631,1,0.201032983,4.899720822,4.228718514,6.574988458
sat_enc1_opt2_16,0.083,RAND,0.086,0.00765161,0.00840182,0.00765161,1,0.964164111,10.41575163,10.36482951,10.52492759
sat_enc1_opt2_16_p,0.094,RAND,0.093,0.00942893,0.00750632,0.00750632,1,1.009327615,11.3641172,12.78271559,12.78271559
sat_enc2_opt1_05_d,0.224,RAND,0.539,0.0193362,0.0145203,0.0139176,1,0.415755458,11.01624897,15.68528594,15.68528594
sat_enc2_opt1_05,0.377,RAND,0.268,0.0159307,0.015501,0.015501,1,1.406832875,21.98225094,24.2826318,25.44374705
sat_enc2_opt1_05_p,0.355,RAND,0.233,0.0174546,0.0187225,0.016971,1,1.524327217,21.23358136,19.08284103,21.54309225
sat_enc2_opt1_15_d,0.191,RAND,0.575,0.0183031,0.0154587,0.0139733,1,0.332372535,9.761682076,14.06801258,14.06801258
sat_enc2_opt1_15,0.354,RAND,0.288,0.0152629,0.0150974,0.0150974,1,1.22943394,23.5539912,21.66064982,24.62694355
sat_enc2_opt1_15_p,0.303,RAND,0.24,0.0136229,0.016098,0.0136229,1,1.261470293,22.16792017,19.50811228,22.29728238
sat_enc3_opt1_50_d,1.856,RAND,6.082,0.0623579,0.068333,0.0596985,1,0.305167996,30.36112729,25.27171175,32.7335706
sat_enc3_opt1_50,3.743,RAND,4.994,0.099363,0.0779829,0.074573,1,0.749438824,38.66140439,49.17074452,50.82124581
sat_enc3_opt1_50_p,4.468,RAND,3.274,0.123342,0.100078,0.100078,1,1.364549433,35.97915979,43.51637221,45.64222948
sat_enc3_opt2_21_d,1.737,RAND,5.625,0.0692009,0.0613935,0.0613935,1,0.308814423,25.69138976,29.00845203,29.00845203
sat_enc3_opt2_21,3.179,RAND,4.649,0.0798537,0.0627914,0.0624219,1,0.683744782,39.54658884,51.03080951,52.05467788
sat_enc3_opt2_21_p,4.296,RAND,2.969,0.100633,0.0680354,0.0653266,1,1.446763425,43.91721972,60.8147994,66.13137607
sat_enc3_opt2_12_d,1.338,RAND,4.652,0.0527832,0.0495186,0.0472014,1,0.2876023,25.37344284,27.36453736,29.05228325
sat_enc3_opt2_12,2.682,RAND,3.698,0.0658727,0.0575249,0.0555089,1,0.725164431,40.36955756,48.80516512,48.8474764
sat_enc3_opt2_12_p,2.55,RAND,2.439,0.0667963,0.0515356,0.0514925,1,1.04550955,39.7007034,50.34898759,50.75414691
sat_enc3_opt2_14_d,1.356,RAND,4.661,0.052481,0.0505183,0.0478658,1,0.290942302,25.94430775,27.90559841,29.33541018
sat_enc3_opt2_14,2.654,RAND,3.756,0.0667713,0.0590089,0.0585714,1,0.706673915,40.33925097,46.67021881,46.67021881
sat_enc3_opt2_14_p,2.517,RAND,2.45,0.0683127,0.0536061,0.0529453,1,1.027322409,37.86397251,47.27763826,47.67496922
sat_blocks_d,1.755,RAND,7.232,0.123794,0.0775776,0.0775776,1,0.242669234,12.36385668,22.46497768,22.82285563
sat_blocks,6.629,RAND,3.775,0.201082,0.166727,0.160382,1,1.755908288,34.29969938,41.22948322,41.41520161
sat_blocks_p,7.612,RAND,3.418,0.255539,0.228275,0.223174,1,2.22674313,30.04978031,34.71028404,34.97326007
sat_bob-opt_d,0.068,RAND,0.165,0.00982387,0.008012,0.008012,1,0.413082006,6.833415401,8.502518871,8.697142477
sat_bob-opt,0.156,RAND,0.225,0.00928333,0.00887054,0.00887054,1,0.693541994,16.48975415,15.47005157,17.30263078
sat_bob-opt_p,0.268,RAND,0.161,0.0137528,0.0119255,0.0118084,1,1.661062543,20.84986541,23.13755623,23.22014954
sat_bob_d,0.058,RAND,0.114,0.00760653,0.00835192,0.00718232,1,0.510998444,6.582150343,7.179168529,7.6100605
sat_bob,0.129,RAND,0.176,0.0101821,0.0101568,0.00969437,1,0.732738866,12.38384149,12.88376645,13.22762174
sat_bob_p,0.12,RAND,0.127,0.00957296,0.0119535,0.00957296,1,0.945250813,12.70368237,10.59424909,12.70368237
sat_c10_d,0.169,RAND,0.383,0.0250913,0.0140963,0.0140963,1,0.441637678,5.94452945,11.79409876,11.79409876
sat_c10,0.699,RAND,0.522,0.027851,0.0268377,0.0268377,1,1.338172241,24.22641823,26.31341193,26.35339182
sat_c10_p,0.547,RAND,0.346,0.0223573,0.0208847,0.0207604,1,1.580684066,26.52455582,26.32680858,26.52455582
sat_count_d,0.042,RAND,0.069,0.00866669,0.00998643,0.00827074,1,0.612715483,4.605424752,4.574535521,5.134267199
sat_count,0.112,RAND,0.085,0.0126353,0.0122137,0.0113175,1,1.312742391,8.895878508,10.19609271,10.19609271
sat_count_p,0.088,RAND,0.071,0.0098648,0.00877797,0.0085577,1,1.232958361,10.32158784,10.27470834,10.34956843
sat_ctl_d,0.03,RAND,0.177,0.00523501,0.00481943,0.00465171,1,0.169137416,5.853772757,6.244198099,6.435337727
sat_ctl,0.138,RAND,0.102,0.00737107,0.00851821,0.00722553,1,1.352366076,18.48478354,17.51693621,19.5964272
sat_ctl_p,0.159,RAND,0.132,0.0082577,0.00802507,0.0075869,1,1.200631351,20.00616542,20.08788132,20.08788132
sat_ctl_5_d,0.075,RAND,0.328,0.00817334,0.00767377,0.00697293,1,0.228343398,8.346149309,10.43163316,10.90518883
sat_ctl_5,0.244,RAND,0.266,0.0127409,0.01321,0.0121837,1,0.916562051,18.69187516,18.61756919,18.69187516
sat_ctl_5_p,0.413,RAND,0.175,0.0179751,0.0157731,0.0157731,1,2.362551056,23.84361361,25.75808604,26.28681268
sat_dated_11_d,0.263,RAND,0.422,0.0151648,0.0140131,0.0130897,1,0.623915256,17.80057936,19.42593769,20.56937275
sat_dated_11,0.514,RAND,0.449,0.0232273,0.0228422,0.0224597,1,1.145159391,23.48222158,21.29696,23.48222158
sat_dated_11_p,0.543,RAND,0.37,0.016073,0.017728,0.0153562,1,1.468990392,34.03769847,35.5350213,35.5350213
sat_dated_17_d,0.348,RAND,0.718,0.0130835,0.0134804,0.0126574,1,0.484363598,28.17152248,26.31857577,28.17152248
sat_dated_17,0.841,RAND,0.745,0.0264158,0.0259761,0.0241336,1,1.128430788,30.66075569,34.72638007,34.72638007
sat_dated_17_p,1.169,RAND,0.614,0.0292335,0.0275789,0.0275789,1,1.905315327,40.61650927,42.18480481,42.64353434
sat_E02F20_d,0.145,RAND,6.907,0.056097,0.0162067,0.0158471,1,0.020993012,2.120264317,8.914409374,9.410085015
sat_E02F20,0.22,RAND,0.323,0.00825693,0.00818911,0.00804572,1,0.681932372,25.01628902,27.16438404,28.20393496
sat_E02F20_p,0.226,RAND,0.375,0.00869654,0.00778203,0.00733085,1,0.603329995,26.36392482,29.39172142,30.7062297
sat_E02F22_d,0.496,RAND,37.108,0.198218,0.0579824,0.0562144,1,0.013366345,1.988358482,8.735777942,8.736147218
sat_E02F22,0.613,RAND,0.991,0.0187194,0.0179702,0.0171464,1,0.618421399,33.5894092,35.16077595,35.7080445
sat_E02F22_p,0.635,RAND,0.855,0.0216658,0.0194913,0.0183453,1,0.743049041,29.90289799,33.76007486,34.34901848
sat_gss-18_d,0.06,RAND,0.092,0.00796832,0.00826917,0.00782044,1,0.649243524,6.99331672,7.240614052,7.766588138
sat_gss-18,0.177,RAND,0.12,0.0160683,0.0178838,0.0144941,1,1.471009849,11.3187277,8.966292818,11.54297639
sat_gss-18_p,0.143,RAND,0.086,0.00914893,0.00981471,0.00914893,1,1.672475028,14.33601206,14.0351566,15.15983555
sat_gss-19_d,0.056,RAND,0.094,0.0092441,0.00654841,0.00643207,1,0.595330261,7.220635545,8.558411926,9.573304158
sat_gss-19,0.168,RAND,0.121,0.0142101,0.0150382,0.0142101,1,1.38950924,11.6421696,11.33152119,12.46290801
sat_gss-19_p,0.239,RAND,0.085,0.0126763,0.0135893,0.0126763,1,2.820139958,19.0868652,17.31394751,19.0868652
sat_gss-20_d,0.057,RAND,0.091,0.00806611,0.00779209,0.00686046,1,0.627775235,8.524970686,8.371556096,8.741406201
sat_gss-20,0.197,RAND,0.124,0.0143264,0.0147037,0.0140558,1,1.586650755,13.67466785,12.95566794,13.8936886
sat_gss-20_p,0.192,RAND,0.092,0.0148023,0.0136512,0.0124451,1,2.092167907,12.41537178,15.96501002,15.96501002
sat_gss-22_d,0.066,RAND,0.091,0.00916138,0.00800887,0.00778214,1,0.72504683,7.413997628,8.523750915,8.523750915
sat_gss-22,0.148,RAND,0.121,0.0115881,0.012141,0.0115881,1,1.221962675,11.00576315,12.24334475,12.43342238
sat_gss-22_p,0.257,RAND,0.096,0.0138804,0.0136953,0.0136953,1,2.68784884,18.19404623,17.49584729,18.19404623
sat_k45_d,0.294,RAND,0.394,0.0288251,0.0308175,0.0259795,1,0.745522372,10.33497263,9.929178614,10.41537508
sat_k45,0.297,RAND,0.423,0.0116187,0.0116931,0.0115134,1,0.701444651,24.11908494,25.63770555,27.23396451
sat_k45_p,0.245,RAND,0.263,0.0124656,0.0114307,0.0108789,1,0.930590778,19.05043311,22.32061514,22.32061514
sat_itox_d,0.211,RAND,0.323,0.078017,0.0395432,0.0395432,1,0.653257895,2.085412981,5.243903651,5.243903651
sat_itox,0.445,RAND,0.403,0.0178603,0.0184622,0.0178603,1,1.105138866,23.4362245,23.27771094,24.32438342
sat_itox_p,0.413,RAND,0.266,0.0164671,0.0164077,0.0148734,1,1.553299153,27.73785378,25.12685105,27.73785378
sat_k2fix_d,0.111,RAND,0.566,0.013668,0.0133771,0.0102342,1,0.195953531,7.998443546,8.053223829,10.25792679
sat_k2fix,0.221,RAND,0.101,0.00645965,0.00643946,0.00632242,1,2.19131479,34.67498866,35.19494976,35.19494976
sat_k2fix_p,0.475,RAND,0.173,0.0177429,0.0184827,0.0177429,1,2.746623311,26.91629881,26.48334616,27.54852891
sat_manol_c10_i_d,0.325,RAND,0.715,0.0344991,0.0245873,0.0235669,1,0.454675335,8.007430896,13.25773028,14.05757985
sat_manol_c10_i,1.354,RAND,0.803,0.0418774,0.0402111,0.0402111,1,1.686000823,33.16985218,34.76760399,35.23298265
sat_manol_c10_i_p,1.301,RAND,0.551,0.0364774,0.0371142,0.0364774,1,2.359579364,35.64657015,36.25298509,36.25298509
sat_manol_c10_d,0.807,RAND,1.272,0.0520611,0.0337487,0.0329367,1,0.634362675,14.23380838,25.00309828,25.00309828
sat_manol_c10,2.952,RAND,1.322,0.0746289,0.0629861,0.0629861,1,2.233789232,39.49602431,45.50674816,46.4584117
sat_manol_c10_p,1.688,RAND,0.91,0.0439817,0.044454,0.041687,1,1.854483541,38.27343284,38.03695082,39.07552132
sat_manol_c8_d,0.276,RAND,0.775,0.0197454,0.0208344,0.0152228,1,0.356150387,13.30941496,13.39428705,17.07836246
sat_manol_c8,0.791,RAND,0.857,0.0216411,0.0207564,0.0207564,1,0.923127537,35.00154874,35.71734978,39.85649646
sat_manol_c8_p,1.436,RAND,0.608,0.046356,0.033658,0.0324989,1,2.361534434,30.2155488,45.37325506,45.37325506
sat_manol_g10_i_d,0.378,RAND,0.763,0.0384936,0.0236584,0.021989,1,0.495114878,8.443814013,17.0410744,17.0410744
sat_manol_g10_i,1.32,RAND,0.866,0.0369121,0.0360738,0.0358225,1,1.52460564,35.68175122,35.24116168,35.68175122
sat_manol_g10_i_p,1.238,RAND,0.605,0.0405234,0.0368909,0.0358039,1,2.045091969,31.03807053,34.09557226,34.09557226
sat_MD5-28-1_d,0.061,RAND,0.085,0.00799514,0.00825289,0.00799514,1,0.719909897,6.572163977,5.169885839,7.56968453
sat_MD5-28-1,0.147,RAND,0.111,0.0119347,0.0119852,0.0113595,1,1.322530889,11.55560447,12.53496146,12.53496146
sat_MD5-28-1_p,0.127,RAND,0.087,0.0112862,0.00901939,0.00901939,1,1.467326204,11.15796872,12.33644497,14.3669709
sat_MD5-28-2_d,0.073,RAND,0.082,0.0104991,0.0123761,0.00957689,1,0.891796738,7.01606005,5.922200138,7.778386315
sat_MD5-28-2,0.16,RAND,0.111,0.0152054,0.0114896,0.0114896,1,1.442686649,10.79862587,13.21702353,13.44447432
sat_MD5-28-2_p,0.12,RAND,0.087,0.0105376,0.0100184,0.00934337,1,1.377465127,11.78133836,12.1435366,12.93426805
sat_MD5-28-4_d,0.059,RAND,0.083,0.00995229,0.00954604,0.008894,1,0.707441941,5.809716998,5.654915943,6.602587991
sat_MD5-28-4,0.189,RAND,0.109,0.0134678,0.0130891,0.0130891,1,1.73133461,12.46257929,14.07307575,15.91217155
sat_MD5-28-4_p,0.112,RAND,0.086,0.0101826,0.00815987,0.00815987,1,1.299009286,11.34044001,14.17516966,14.17516966
sat_MD5-29-4_d,0.06,RAND,0.088,0.0102436,0.00898354,0.00820225,1,0.682609241,6.396629403,5.721423872,7.368156058
sat_MD5-29-4,0.133,RAND,0.117,0.0112021,0.0112392,0.0110167,1,1.140060143,12.4056749,10.58571645,12.4056749
sat_MD5-29-4_p,0.146,RAND,0.09,0.013152,0.011405,0.011405,1,1.62629113,11.52101006,11.81564359,12.32691658
sat_MD5-30-4_d,0.069,RAND,0.092,0.00956752,0.0102297,0.00895963,1,0.748009149,7.371920888,6.622452995,7.60015685
sat_MD5-30-4,0.181,RAND,0.118,0.0116886,0.0124469,0.0116886,1,1.529211402,15.51450735,13.69552058,15.51769961
sat_MD5-30-4_p,0.134,RAND,0.092,0.0120418,0.00866896,0.00819575,1,1.462379411,11.9557459,15.83991754,15.83991754
sat_MD5-30-5_d,0.069,RAND,0.089,0.0119945,0.0116676,0.0107931,1,0.776631548,6.176707546,5.388225556,6.570740208
sat_MD5-30-5,0.12,RAND,0.119,0.00865261,0.011281,0.00865261,1,1.009948319,12.91077792,9.772703211,13.68976929
sat_MD5-30-5_p,0.143,RAND,0.092,0.0131446,0.00841993,0.00769691,1,1.550890318,11.13377661,16.93532246,18.46226146
sat_min_d,0.406,RAND,0.677,0.0234329,0.0232261,0.022244,1,0.599778124,16.54044056,18.12079339,18.89927987
sat_min,0.771,RAND,0.694,0.0253938,0.0231513,0.0231513,1,1.111610424,30.83938321,31.74315628,33.23433439
sat_min_p,0.663,RAND,0.453,0.0194992,0.024099,0.0194992,1,1.462767475,32.70795203,29.21927679,32.70795203
sat_p30_d,0.511,RAND,1.161,0.0239108,0.0201416,0.0201416,1,0.440013661,22.49991194,24.8755008,25.45226331
sat_p30,0.986,RAND,1.005,0.0265152,0.0225054,0.0225054,1,0.980643505,37.13328061,40.86487651,41.34067906
sat_p30_p,1.392,RAND,0.744,0.053057,0.0444674,0.0419195,1,1.870394433,26.59696428,33.28901176,33.5854656
sat_p30_NOT_d,0.19,RAND,0.435,0.0145845,0.0136131,0.0136039,1,0.436868475,14.08544677,14.28678848,14.28678848
sat_p30_NOT,0.587,RAND,0.335,0.0239343,0.0257508,0.0238156,1,1.753823661,23.58064218,26.21249537,26.73394938
sat_p30_NOT_p,0.591,RAND,0.267,0.0259779,0.0283302,0.0245143,1,2.214603047,24.58535611,21.60537831,24.58535611
sat_non_p30_d,0.506,RAND,1.168,0.02506,0.0203483,0.0203483,1,0.433057059,22.09906144,23.77227476,25.54329993
sat_non_p30,0.988,RAND,1.007,0.027947,0.0236784,0.0236784,1,0.981296729,36.40731979,43.64883014,43.64883014
sat_non_p30_p,1.406,RAND,0.74,0.0532615,0.0411902,0.0411902,1,1.89952032,25.56968011,35.59917256,35.59917256
sat_post_d,0.449,RAND,1.285,0.0319625,0.0309702,0.026827,1,0.3494016,13.97356538,14.87518428,16.53909341
sat_post,0.841,RAND,0.914,0.0345466,0.0275315,0.0275315,1,0.919992546,28.56735237,28.44714446,29.54578191
sat_post_p,0.894,RAND,0.646,0.0334021,0.029334,0.029334,1,1.384132465,26.01718764,28.24046726,28.24046726
sat_post-ee_d,0.405,RAND,1.244,0.0284184,0.0236959,0.0234134,1,0.325543705,13.94056843,17.31886816,17.83685226
sat_post-ee,0.743,RAND,0.868,0.0244932,0.021987,0.021987,1,0.856413266,30.77738794,33.29464642,34.2992203
sat_post-ee_p,0.657,RAND,0.623,0.0220604,0.0216365,0.0204261,1,1.054131829,27.88470925,31.01909776,32.71244417
sat_L100_d,1.158,RAND,2.183,1.21647,0.0801144,0.0801144,1,0.530397564,0.506125517,13.68761968,14.31025321
sat_L100,1.911,RAND,4.393,0.0509936,0.0461047,0.0438188,1,0.435026923,38.03878324,43.83932463,44.25178362
sat_L100_p,2.54,RAND,2.604,0.0829096,0.0714415,0.0696418,1,0.975452127,31.88127113,35.96057928,36.21814158
sat_L150_d,2.616,RAND,4.708,2.48961,0.152894,0.152894,1,0.555603143,0.499221398,17.12680778,17.12680778
sat_L150,3.013,RAND,6.008,0.0754023,0.0624952,0.0624952,1,0.501476513,40.8131198,48.04855567,48.59732287
sat_L150_p,8.12,RAND,4.364,0.187505,0.0646132,0.0640309,1,1.860711916,40.96541147,127.2260644,130.3002683
sat_L200_d,2.715,RAND,6.427,4.1266,0.1667,0.161346,1,0.422418047,0.247669263,16.39938389,16.8606312
sat_L200,4.451,RAND,8.763,0.114546,0.117803,0.110539,1,0.507905599,40.07490974,38.96797465,40.07490974
sat_L200_p,12.502,RAND,6.861,0.261237,0.215916,0.209738,1,1.822130419,46.54348886,57.18179989,57.7550285
sat_L80_d,0.712,RAND,1.542,0.806206,0.0768537,0.0713133,1,0.461613556,0.477999919,9.878050472,9.878050472
sat_L80,1.342,RAND,3.261,0.0371162,0.0381338,0.0371162,1,0.411582496,32.73466142,35.90183977,35.90183977
sat_L80_p,1.797,RAND,1.993,0.0599914,0.0532133,0.0532133,1,0.901577301,28.16433427,34.10734418,34.10734418
sat_k100_1d,1.647,RAND,4.911,0.0456305,0.0366922,0.0366922,1,0.335396756,37.21554512,45.19969373,45.19969373
sat_k100_1,3.266,RAND,4.714,0.0676513,0.0523163,0.0521403,1,0.692901175,48.46682486,61.9101147,65.05341112
sat_k100_1p,3.426,RAND,3.226,0.0955072,0.0505479,0.0477082,1,1.062021609,36.41554538,75.2158669,75.2158669
sat_k100_2d,1.673,RAND,4.869,0.0497382,0.0350937,0.0350937,1,0.343617753,35.47009,48.43238862,48.43238862
sat_k100_2,3.361,RAND,4.743,0.0713191,0.0582306,0.0579876,1,0.708658772,47.02573753,58.85906922,59.06688037
sat_k100_2p,2.832,RAND,3.226,0.0640398,0.052913,0.0522419,1,0.877802412,44.66242962,53.94265165,56.20865478
sat_k70_d,1.207,RAND,3.352,0.0342695,0.0299621,0.0299621,1,0.360135544,35.18642684,39.37881309,40.80101141
sat_k70,2.441,RAND,3.239,0.0541453,0.114281,0.0540378,1,0.753533186,45.40356346,21.54038933,45.97246549
sat_k70_p,1.984,RAND,2.223,0.0495073,0.0404285,0.0392409,1,0.89240911,40.04472738,49.67413865,49.67413865
sat_k75_d,1.243,RAND,3.628,0.034938,0.0298022,0.0287002,1,0.342579239,33.82036841,44.22055491,44.22055491
sat_k75,2.521,RAND,3.499,0.0541372,0.0447338,0.0443198,1,0.720404161,46.78082598,55.52484302,56.7956528
sat_k75_p,2.134,RAND,2.387,0.0506924,0.0425925,0.0415479,1,0.893905362,40.50511818,50.04725643,51.23059047
sat_k80_d,1.285,RAND,3.879,0.0346026,0.0290583,0.0290583,1,0.331264415,36.97692755,43.54825044,44.52930617
sat_k80,2.778,RAND,3.736,0.0614754,0.0527248,0.0511354,1,0.74365281,46.51232878,55.03104163,55.03104163
sat_k80_p,2.246,RAND,2.564,0.052671,0.040975,0.040773,1,0.876085268,43.343008,54.63218142,54.89576892
sat_k85_2d,1.41,RAND,4.128,0.0389444,0.0318054,0.0313329,1,0.341581882,38.003547,44.9899969,44.9899969
sat_k85_2,2.886,RAND,3.97,0.0587676,0.0501843,0.0500478,1,0.726905625,47.34811198,58.4628287,61.39132396
sat_k85_2p,2.282,RAND,2.731,0.0527395,0.0454375,0.0454375,1,0.835444338,43.78424842,49.52923353,50.78763114
sat_k85_3d,1.401,RAND,4.116,0.0388222,0.0312758,0.0312758,1,0.340409736,36.09354953,45.41932639,45.41932639
sat_k85_3,2.845,RAND,3.96,0.0591723,0.0485476,0.0485476,1,0.718502191,46.7257486,56.85247133,59.42906321
sat_k85_3p,2.294,RAND,2.723,0.0547648,0.0458527,0.0455895,1,0.842356651,44.24181411,48.88589597,51.09928051
sat_k90_d,1.489,RAND,4.337,0.0423731,0.0333325,0.0329026,1,0.343345224,36.67243804,45.4049241,45.93042266
sat_k90,2.942,RAND,4.203,0.0617801,0.0507294,0.0501577,1,0.700036681,49.66498922,58.60814617,60.03603795
sat_k90_p,2.461,RAND,2.892,0.0567076,0.0467102,0.0467102,1,0.850916012,43.27900449,52.72471742,53.24292925
sat_k95_d,1.528,RAND,4.628,0.0400996,0.0319529,0.0319529,1,0.330167959,37.17824878,46.6228916,48.39271576
sat_k95,3.194,RAND,4.452,0.0640147,0.0522458,0.0503126,1,0.717369062,49.62694336,62.87327315,62.87327315
sat_k95_p,2.575,RAND,3.053,0.0606629,0.0454157,0.044488,1,0.843505113,43.90511721,57.24410219,58.13480954
sat_slp_d,0.237,RAND,0.347,0.0246793,0.0139447,0.0139447,1,0.683184525,8.80324197,17.01449463,17.01449463
sat_slp,0.543,RAND,0.361,0.038422,0.0278883,0.0263967,1,1.506202459,13.46342189,20.98120965,20.98120965
sat_slp_p,0.922,RAND,0.291,0.0470211,0.0295918,0.0287709,1,3.170050736,18.48999695,29.92641737,31.74078588
sat_030_d,0.88,RAND,1.653,0.0560036,0.046179,0.0460999,1,0.532335132,15.49833305,20.24943624,20.24943624
sat_030,2.471,RAND,1.195,0.0636714,0.0578442,0.0565229,1,2.066929396,39.57975938,44.34792753,44.34792753
sat_030_p,3.159,RAND,1,0.0999125,0.0884317,0.0884317,1,3.158904367,31.02930054,35.69826323,35.96217312
sat_050_d,1.008,RAND,2.527,0.0558891,0.0430185,0.0402394,1,0.398853096,17.71637974,24.73649983,25.23015003
sat_050,3.35,RAND,1.955,0.0767331,0.0675712,0.0675712,1,1.713621844,43.1288639,48.20324214,48.56564626
sat_050_p,2.431,RAND,1.59,0.0690868,0.0525063,0.0522052,1,1.528741666,34.63574762,45.93301074,46.33459256
sat_UCG-10p0_d,0.368,RAND,0.775,0.0180045,0.0141991,0.0136405,1,0.47494408,20.70055633,27.27865742,28.44796265
sat_UCG-10p0,0.865,RAND,0.695,0.0262268,0.0247706,0.0237148,1,1.245156532,31.86414455,35.36646196,37.9198029
sat_UCG-10p0_p,1.028,RAND,0.545,0.0264013,0.0252906,0.0252212,1,1.884667259,39.76220038,39.84187272,39.84187272
sat_UCG-10p1_d,0.34,RAND,0.791,0.0146683,0.011712,0.011712,1,0.42997715,22.08093311,29.42601953,29.42601953
sat_UCG-10p1,0.843,RAND,0.715,0.0238201,0.0225678,0.0206642,1,1.178575509,36.52592127,38.83217866,39.05906119
sat_UCG-10p1_p,0.844,RAND,0.523,0.023466,0.0196643,0.0196643,1,1.612750358,36.31622655,41.97668404,43.63470924
sat_UCG-5p0_d,0.389,RAND,0.92,0.0171624,0.0179354,0.0171624,1,0.422829155,22.24128073,21.3499303,24.01694151
sat_UCG-5p0,1.121,RAND,0.808,0.0304828,0.029453,0.0292637,1,1.388064121,37.25688305,35.74822534,38.23602645
sat_UCG-5p0_p,1.203,RAND,0.591,0.0281983,0.0298395,0.0276289,1,2.034810864,40.8951378,44.39999114,44.50577502
sat_UR-15_d,0.367,RAND,0.807,0.016595,0.0155384,0.0155384,1,0.454608663,22.67741836,24.93460611,24.93460611
sat_UR-15,1.034,RAND,0.732,0.0267088,0.0345973,0.0263683,1,1.411684285,38.49662131,30.84495488,38.49662131
sat_UR-15_p,1.298,RAND,0.548,0.0318346,0.0265137,0.0248611,1,2.366638322,41.55820871,52.60342368,52.60342368
sat_UR-20_d,0.403,RAND,0.936,0.0170006,0.0163037,0.0158566,1,0.430412559,24.15864376,25.11826777,25.80422088
sat_UR-20,1.226,RAND,0.831,0.0319423,0.031033,0.031033,1,1.476132518,39.34708235,38.14703723,39.34708235
sat_UR-20_p,1.307,RAND,0.615,0.0326651,0.033358,0.0326651,1,2.126421744,39.42149633,37.43323166,39.96734115
sat_UTI_d,0.56,RAND,1.03,0.0309948,0.0289027,0.0284922,1,0.543941001,18.28517693,20.6651217,20.6651217
sat_UTI,0.872,RAND,0.822,0.0247323,0.0220424,0.0220424,1,1.061392323,35.76232816,37.66982742,39.32125738
sat_UTI_p,0.903,RAND,0.631,0.0260544,0.0247184,0.0247184,1,1.430647381,31.96437547,37.37227002,37.37227002
sat_2.0_d,0.659,RAND,3.072,0.702005,0.0303861,0.0303861,1,0.214520811,0.408476982,21.52834947,21.67656201
sat_2.0,4.535,RAND,2.165,0.103688,0.0706072,0.0700159,1,2.094729387,44.58492273,63.43855133,63.98345319
sat_2.0_p,3.661,RAND,2.733,0.0756778,0.0577355,0.0574185,1,1.339336871,47.99574187,64.02599515,64.02599515
sat_4.0-9_d,0.642,RAND,2.092,0.468803,0.0470068,0.046019,1,0.306938677,0.596887261,13.57675625,13.87712048
sat_4.0-9,4.03,RAND,2.088,0.0971782,0.0861906,0.0861906,1,1.929882665,42.37693601,45.62611942,45.62611942
sat_4.0-9_p,4.337,RAND,2.467,0.0805864,0.0764324,0.0726513,1,1.75797453,54.63345074,55.60598601,59.57794036
192bit,0.182,RAND,0.339,0.0144994,0.0139815,0.0131439,1,0.536258237,13.42321479,12.53106948,13.7304605
2cubes,0.227,RAND,0.269,0.0124492,0.0116246,0.0113964,1,0.843246795,19.014114,17.01866055,20.92956786
2D,0.07,RAND,0.08,0.0100837,0.00858664,0.00783727,1,0.878926395,7.259678707,9.111973133,9.111973133
3D,0.589,RAND,0.875,0.0255528,0.0224606,0.0222368,1,0.673281601,23.40952358,26.68321721,26.9792411
ABACUS,0.042,RAND,0.054,0.00751565,0.00560084,0.00560084,1,0.780642098,5.552691072,7.380164578,7.537147369
af23560,0.036,RAND,0.07,0.00502778,0.00526305,0.00502778,1,0.517320486,7.162725178,7.381178405,7.509762691
af_shell,0.371,RAND,0.719,0.0229408,0.0193945,0.0191859,1,0.516026239,16.39445682,19.80250867,19.81435392
airfoil,0.025,RAND,0.055,0.00432662,0.00447775,0.0040795,1,0.454112924,5.437879836,5.236172316,5.979044644
Andrews,0.16,RAND,0.666,0.0091464,0.0112747,0.0091464,1,0.240077877,17.30917982,13.87648196,17.59057497
appu,0.11,RAND,2.283,0.00818122,0.00784604,0.00732769,1,0.048175089,13.20713714,13.69371882,16.14155261
as-22,0.102,RAND,0.137,0.017558,0.0102164,0.00963977,1,0.745624931,6.034181866,9.318557633,10.12607962
astro,0.289,RAND,0.185,0.0174394,0.0172002,0.0150555,1,1.563970619,18.30237551,17.76766776,19.47058863
atmos,2.167,RAND,2.045,0.0845094,0.0707028,0.0707028,1,1.059424165,25.40129831,30.14616788,30.41621225
av41092,0.154,RAND,0.215,0.0156744,0.0113055,0.0113055,1,0.716226592,9.432286595,12.15632721,13.31488847
barrier,0.222,RAND,0.329,0.0337513,0.0185598,0.0185598,1,0.674725765,4.545947861,11.9243929,12.66660581
Baumann,0.168,RAND,0.189,0.0107783,0.00994389,0.00988608,1,0.890013423,16.01326814,17.12973018,17.1462689
bayer04,0.028,RAND,0.055,0.00591162,0.00769412,0.00537664,1,0.510984674,5.311016946,4.0346112,5.311016946
bbmat,0.076,RAND,0.15,0.00733626,0.00759461,0.00682706,1,0.505690098,10.3776084,10.05808544,10.83462232
bcsstk,0.02,RAND,0.058,0.00485466,0.00500196,0.00471547,1,0.344564434,4.196937075,3.896933892,4.196937075
Ben,0.235,RAND,0.469,0.0185947,0.0166832,0.0161465,1,0.500700154,12.62592344,14.48337493,15.02961153
bibd,0.017,RAND,0.082,0.00327142,0.00332776,0.00309286,1,0.207308639,5.250073347,5.129706128,5.454487118
bips,0.036,RAND,0.048,0.00758877,0.00635116,0.0063348,1,0.752480804,4.346046727,5.747181486,5.889522376
bloweya,0.178,RAND,0.066,0.0752136,0.00656139,0.00581431,1,2.690757594,1.965345873,24.7704558,28.48747511
bundle,0.034,RAND,0.08,0.0100465,0.00515219,0.00515219,1,0.427013518,3.154369265,6.624568185,6.707106574
c-55,0.193,RAND,0.228,0.0196764,0.0141096,0.0135366,1,0.846455681,9.097122387,12.35927714,13.59116645
c-61,0.074,RAND,0.139,0.0136506,0.00760931,0.00757234,1,0.532462861,4.94910448,9.795097157,9.795097157
c-64,0.117,RAND,0.542,0.0650658,0.0153701,0.0149993,1,0.215853391,1.541940789,7.407735702,7.718543636
CondMat,0.262,RAND,0.189,0.0181095,0.00895528,0.00895528,1,1.3897549,15.63889668,24.94881684,25.81331652
cage10,0.081,RAND,0.19,0.00796506,0.00843145,0.00741773,1,0.426436011,10.21856372,10.3049633,10.43302193
ccc,0.07,RAND,0.128,0.00572406,0.00657463,0.00570902,1,0.548826632,12.31312632,11.20134416,12.44968991
cfd,0.123,RAND,0.208,0.00957174,0.0140132,0.00957174,1,0.592442931,12.55089234,8.427197238,13.05966782
Chem97Zt,0.003,RAND,0.04,0.00439523,0.00229133,0.00228339,1,0.075314398,0.647811046,0.909071626,1.32914505
circuit,0.087,RAND,0.084,0.0245346,0.00717899,0.00703415,1,1.03001609,3.226009797,12.69278073,12.69278073
ckt,0.108,RAND,0.101,0.0215784,0.0147161,0.0147161,1,1.066402631,4.70407861,7.767102008,7.767102008
cnr,0.166,RAND,0.373,0.0176106,0.0123937,0.0123937,1,0.445227246,9.252292172,12.78122546,13.42422993
conf5_4,0.095,RAND,0.179,0.00492394,0.00506287,0.00492394,1,0.529959601,18.76261539,19.3961073,19.80718229
copter,0.034,RAND,0.121,0.00498682,0.00539677,0.00498682,1,0.281848667,6.41076405,6.112392516,6.41076405
coupled,0.029,RAND,0.125,0.0126627,0.006591,0.00576761,1,0.232535389,2.127035353,4.322919073,5.163091374
crash,0.238,RAND,0.187,0.0114122,0.0119097,0.011115,1,1.273873991,22.42236961,21.89210321,22.57207891
cryg,0.019,RAND,0.045,0.00510067,0.00569953,0.00462869,1,0.424425462,3.74084232,2.98629448,3.910752511
crystk,0.026,RAND,0.11,0.00391226,0.00377804,0.00342569,1,0.236914935,6.957173247,7.127544671,7.256569987
d_pretok,0.232,RAND,0.287,0.0126223,0.0117661,0.0112283,1,0.809230383,17.50533837,19.31016114,19.57855473
dac11,0.638,RAND,1.334,0.0426986,0.03413,0.03413,1,0.478409403,14.54041575,18.88356124,19.02529649
dac14,0.477,RAND,0.89,0.0782555,0.0251258,0.0251258,1,0.535978914,5.021089629,18.68353538,18.89123874
dac16,0.722,RAND,1.039,0.0442343,0.0346041,0.0346041,1,0.695226093,16.66570489,20.21118165,20.21118165
dac2,0.971,RAND,1.495,0.0479797,0.0316329,0.029292,1,0.64935586,20.00144192,31.03198116,33.66501404
dac3,0.971,RAND,1.437,0.0463395,0.0315548,0.0309543,1,0.675559538,20.26678689,30.46628158,32.12870009
dac6,0.904,RAND,1.473,0.0604528,0.0405811,0.0405811,1,0.613680712,13.35310696,22.08114822,22.08114822
dac7,0.857,RAND,2.299,0.0561489,0.0403421,0.0372951,1,0.372765046,13.74611235,21.525362,23.01622684
delta,0.141,RAND,0.125,0.0101784,0.00766079,0.00759283,1,1.124650458,13.22031991,18.38000464,18.38000464
denormal,0.125,RAND,0.115,0.00878454,0.0102267,0.00878454,1,1.083693239,13.90376592,12.94053462,13.90376592
dict,0.111,RAND,0.112,0.00776323,0.00830946,0.00698505,1,0.992892926,13.61806123,14.50978495,14.61618683
diel,0.827,RAND,1.602,0.0426911,0.036579,0.036579,1,0.516309033,19.51871153,22.8538267,23.13228478
cova2,0.069,RAND,0.104,0.00552493,0.00584153,0.00552493,1,0.663893867,12.14692498,11.5444268,12.7017788
ecl32,0.23,RAND,0.152,0.019028,0.0192518,0.019028,1,1.5130075,12.26568541,11.41218325,12.26568541
Emilia,1.679,RAND,2.26,0.0772142,0.0557952,0.0557952,1,0.742890521,21.5456398,30.46070225,31.43482469
epb1,0.022,RAND,0.049,0.00578227,0.00651057,0.0048342,1,0.449953788,4.449577189,3.579290227,4.479027969
ESOC,1.034,RAND,3.623,0.0284106,0.0268113,0.0267997,1,0.285401285,36.73440387,38.38614832,38.38614832
Eternity,0.058,RAND,0.603,0.0107483,0.00780114,0.00502591,1,0.096155683,5.26358777,8.084311001,11.54948256
ex19,0.018,RAND,0.049,0.0026584,0.00298873,0.00249843,1,0.365009426,7.036609918,6.057159394,7.036609918
F2,0.125,RAND,0.32,0.0110383,0.00931696,0.0083771,1,0.390060696,11.07812292,14.61381532,16.02313484
fd18,0.14,RAND,0.055,0.0158304,0.0176262,0.0157285,1,2.543821366,8.561067932,7.920119933,9.285482149
fem,0.133,RAND,0.268,0.0107939,0.00979028,0.00978502,1,0.496051791,12.74593424,13.33844139,14.16560336
finan,0.089,RAND,0.112,0.00684141,0.00721391,0.00680462,1,0.79675064,12.5649424,11.18517625,12.5649424
flower,0.114,RAND,0.313,0.0107754,0.0118514,0.0107754,1,0.363982341,10.34276279,9.632690309,10.41324126
foldoc,0.183,RAND,0.179,0.0183689,0.0121995,0.0114202,1,1.022828841,10.33950879,13.6684468,15.8865199
Franz,0.339,RAND,1.009,0.013546,0.0132858,0.0127913,1,0.336068525,25.02971818,26.02926949,26.92720124
G2,0.395,RAND,0.204,0.0227361,0.0191457,0.0190802,1,1.940197113,15.61406768,19.81926834,20.4768249
g7jac,0.027,RAND,0.085,0.00485261,0.00521659,0.00485261,1,0.318804473,5.182769403,5.251906734,5.700315417
garon,0.02,RAND,0.057,0.00350458,0.00435373,0.00350361,1,0.349721566,5.414302421,4.989472214,5.597960103
gearbox,0.313,RAND,0.385,0.0163738,0.0143038,0.0143038,1,0.813594178,19.46335852,22.0932859,22.37808235
gemat,0.049,RAND,0.043,0.0208521,0.00776591,0.00710008,1,1.128320454,2.051221942,6.161661888,6.90690479
graphics,0.044,RAND,0.048,0.00765469,0.00863725,0.00765469,1,0.912347235,5.389937477,5.030963292,6.38272255
gyro,0.023,RAND,0.085,0.0039616,0.00385007,0.00375969,1,0.272105309,5.720340037,6.013574992,6.244824262
H2O,0.176,RAND,1.647,0.0109885,0.0131652,0.0103371,1,0.106861687,17.22518008,13.42783682,17.22518008
HEP,0.54,RAND,0.354,0.0264333,0.0123715,0.0113494,1,1.525967128,20.44726499,41.7030281,44.48728405
HTC,0.171,RAND,0.408,0.0577185,0.0189896,0.0189896,1,0.418664804,2.617897231,8.866213505,8.866213505
hvdc1,0.027,RAND,0.054,0.00525181,0.00532598,0.0047493,1,0.503140463,4.953737595,5.169838778,5.537371102
IG5,0.085,RAND,0.896,0.00561782,0.00488042,0.00488042,1,0.094907931,16.1605868,16.67225678,17.59222465
Ill,0.06,RAND,0.082,0.00700291,0.00649645,0.00634813,1,0.73113564,8.956039281,9.035913237,9.330171442
interp,0.173,RAND,0.144,0.0112902,0.0113378,0.0112902,1,1.198093997,15.84931243,14.70725756,15.84931243
IMDB,3.814,RAND,5.054,0.108325,0.0581968,0.0569456,1,0.754704113,35.38000575,68.38851274,68.38851274
ibm01,0.04,RAND,0.07,0.00710566,0.00889233,0.00595076,1,0.572905825,5.431970678,4.51682404,6.372704432
ibm02,0.095,RAND,0.122,0.011498,0.00911796,0.00869323,1,0.779359515,9.285323325,10.32371923,11.40287809
ibm03,0.062,RAND,0.117,0.00784781,0.00892005,0.0071548,1,0.529594677,6.643898811,7.063796335,8.181405513
ibm04,0.126,RAND,0.12,0.00755942,0.00866189,0.00755942,1,1.04966994,14.33925074,14.80612786,15.14102786
ibm05,0.094,RAND,0.173,0.0107303,0.0107993,0.0100774,1,0.542542172,8.273701073,7.860649089,9.296345745
ibm06,0.071,RAND,0.146,0.00742182,0.00875124,0.00668529,1,0.487690389,8.371348294,8.828034855,10.0526988
ibm07,0.086,RAND,0.161,0.00837555,0.010081,0.00837555,1,0.533752302,10.11932568,10.05436371,10.11932568
ibm08,0.1,RAND,0.203,0.0102907,0.010575,0.00963802,1,0.493691957,10.38678303,10.48412546,10.66290195
ibm09,0.09,RAND,0.152,0.00778912,0.00923351,0.00770961,1,0.591753221,12.40419482,9.45078347,12.40419482
ibm10,0.133,RAND,0.214,0.0108787,0.0133539,0.0108787,1,0.622031297,12.56910646,10.43751226,12.56910646
ibm11,0.135,RAND,0.195,0.0108887,0.0114656,0.0108887,1,0.693221358,11.99658764,12.04464549,12.05184974
ibm12,0.197,RAND,0.235,0.0136753,0.0104684,0.0104684,1,0.838992051,13.904083,16.0435211,18.44724743
ibm13,0.118,RAND,0.205,0.0088384,0.0128012,0.00881722,1,0.576721329,13.99367676,9.603724292,13.99367676
ibm14,0.243,RAND,0.354,0.0147643,0.0156985,0.0147643,1,0.686025691,16.28129795,16.90164356,16.99609719
ibm15,0.478,RAND,0.373,0.0162355,0.0167203,0.0162355,1,1.281990422,28.58116633,29.83956552,29.83956552
ibm16,0.276,RAND,0.401,0.0135573,0.0086515,0.00864834,1,0.688987756,20.28337939,31.71455066,32.58825099
kim1,0.05,RAND,0.08,0.00550765,0.00614861,0.00550765,1,0.623699353,8.908051097,8.072106513,9.278934036
kkt,4.279,RAND,4.035,0.0874269,0.0721533,0.0721533,1,1.060393055,49.72632509,60.35993082,61.30311014
duct3D,0.092,RAND,0.316,0.00685354,0.00722054,0.00625927,1,0.290794967,14.57474229,13.17823128,14.57474229
lhr14,0.013,RAND,0.056,0.00333293,0.00339932,0.00325794,1,0.232986785,4.014923161,3.716324384,4.147603642
li,0.066,RAND,0.33,0.00560547,0.00635993,0.00560547,1,0.199797988,11.3982944,10.11726834,11.86864645
tissue,0.041,RAND,0.058,0.00457898,0.00499923,0.0045765,1,0.711320326,8.659032638,7.973613175,8.659032638
Lin,0.425,RAND,0.43,0.0176433,0.0176964,0.0176433,1,0.987556287,23.01539595,24.182352,24.6794574
lp_nug,0.111,RAND,0.507,0.0105854,0.0103709,0.0100958,1,0.21900685,9.548222826,10.0861411,10.57918664
lp_pds,0.126,RAND,0.174,0.0111423,0.0204307,0.0111423,1,0.723415895,10.56107824,6.097472452,10.82818422
lung,0.052,RAND,0.109,0.0044048,0.00502891,0.0044048,1,0.477976361,11.71163258,10.45858902,11.71163258
m14b,0.405,RAND,0.403,0.0137146,0.0128736,0.0125188,1,1.00442992,28.64133971,33.72863853,33.73734849
mac,0.223,RAND,0.269,0.0122872,0.0118607,0.0115593,1,0.829382516,17.92777438,18.80602805,19.72334253
Maragal,0.134,RAND,0.323,0.0400248,0.0134712,0.0124866,1,0.414715129,3.156290558,11.48312238,11.48312238
mc2depi,0.414,RAND,0.557,0.0144615,0.0146968,0.0140079,1,0.743226542,27.92165749,28.73862429,29.74116565
mixtank,0.056,RAND,0.329,0.00554982,0.00688559,0.00505085,1,0.170239265,9.822803639,10.49402496,11.12245425
mono,0.359,RAND,0.518,0.0164938,0.0155056,0.0152524,1,0.693517087,21.65781853,23.28145266,23.28145266
mri1,0.149,RAND,0.124,0.00828473,0.00942149,0.00805655,1,1.204521969,17.17369405,18.09273437,18.99986738
msc,0.046,RAND,0.121,0.0053728,0.00485451,0.00429529,1,0.379222845,8.261969079,9.679930978,10.97341333
msdoor,0.359,RAND,0.832,0.0247403,0.0206528,0.0203412,1,0.431544948,14.65946352,18.11009322,18.11009322
mult_dcop,0.264,RAND,0.119,0.165389,0.0193381,0.018793,1,2.21065845,1.072102987,12.70978364,14.07189459
nasasrb,0.155,RAND,0.128,0.0143854,0.0126731,0.011758,1,1.209536932,11.06668571,12.68682371,13.44167613
nd12k,0.15,RAND,2.417,0.0130981,0.0108457,0.00991255,1,0.062063995,10.92657343,14.23690205,16.0728292
net100,0.098,RAND,1.504,0.011406,0.00871926,0.00871926,1,0.065144297,9.295002513,10.65098147,10.70398352
nopoly,0.021,RAND,0.04,0.0061601,0.00636909,0.00581583,1,0.530241169,3.545650247,3.296397979,3.545650247
actors,0.624,RAND,1.672,0.025302,0.021185,0.0207675,1,0.373165566,25.67193408,27.80971736,29.78193325
www,0.148,RAND,0.247,0.00466912,0.00485492,0.00466912,1,0.598310355,31.71806923,29.64221051,32.31462215
obstclae,0.069,RAND,0.073,0.00616704,0.00653341,0.00616704,1,0.945510957,11.50558021,10.15294156,11.50558021
olafu,0.034,RAND,0.077,0.00433731,0.00437848,0.00431282,1,0.440271944,7.575487505,7.284304253,8.191132858
opt1,0.03,RAND,0.153,0.00445498,0.00473811,0.00401424,1,0.195933492,6.350510052,7.163888272,7.328978292
Oregon,0.102,RAND,0.086,0.016571,0.0112752,0.0104431,1,1.183059657,5.101045714,9.045038973,9.934548855
p2p,0.297,RAND,0.126,0.0218613,0.0200994,0.0171135,1,2.361851095,15.21820446,15.85149762,16.97453249
para,0.239,RAND,0.43,0.0299549,0.0141875,0.0141768,1,0.555179827,6.198213151,16.98009989,16.98009989
parabolic,0.438,RAND,0.629,0.0150719,0.0146961,0.0138792,1,0.696426435,28.93208886,32.29016919,32.29016919
Pd,0.106,RAND,0.021,0.044601,0.041473,0.0412404,1,5.018058145,2.548125925,2.569809107,2.599906305
pdb,0.074,RAND,0.292,0.00777549,0.00774939,0.00734777,1,0.253566983,9.93871573,8.852744171,10.12508586
pds,0.259,RAND,0.466,0.0133625,0.0146939,0.0130612,1,0.555731425,19.37593046,18.69725605,20.14639193
pesa,0.039,RAND,0.043,0.00666781,0.00791437,0.00666781,1,0.913341588,5.756644496,5.049249604,5.858239614
PGP,0.026,RAND,0.062,0.00802307,0.00665749,0.00653131,1,0.422332014,3.339867484,3.510377892,3.767684569
pkustk,0.091,RAND,0.247,0.00703046,0.00680252,0.00666266,1,0.368449896,13.15717182,13.36032805,14.36972189
poisson3D,0.233,RAND,0.383,0.0126309,0.0134136,0.0126309,1,0.608480324,17.60776253,19.57160857,19.57160857
poli3,0.009,RAND,0.043,0.00485914,0.00466113,0.00422556,1,0.208986547,1.774615894,1.947512378,2.128731489
powersim,0.015,RAND,0.043,0.00393341,0.00405805,0.00393341,1,0.346438677,3.860407659,3.535451147,3.944109341
pre2,0.852,RAND,0.909,0.02762,0.0302038,0.02762,1,0.937706409,29.91268445,30.53818169,30.53818169
Pres,0.023,RAND,0.073,0.00430336,0.00364487,0.0034769,1,0.316850635,6.091053302,5.606542591,6.685171998
psse2,0.037,RAND,0.044,0.00637386,0.00660324,0.00582698,1,0.833663532,6.254839048,6.210627559,6.254839048
qa8fk,0.145,RAND,0.184,0.0107886,0.01043,0.0100678,1,0.786658813,14.19189398,14.73917255,14.73917255
rajat,0.407,RAND,0.089,0.028541,0.0230082,0.0217242,1,4.576783431,13.4126448,19.21714906,19.21714906
Reuters,0.091,RAND,0.644,0.0146,0.0106313,0.00998176,1,0.141354992,6.071847977,9.19259703,9.19259703
RFdevice,0.133,RAND,0.162,0.0120141,0.0103748,0.0103748,1,0.822544416,9.97016447,12.33525937,12.7019903
rgg,0.23,RAND,0.322,0.0122951,0.0120651,0.0120651,1,0.71452389,19.12188958,18.13479673,19.25927166
rim,0.023,RAND,0.079,0.00367683,0.00402896,0.00367683,1,0.292316291,5.996079086,5.83451292,6.163410778
rma,0.058,RAND,0.121,0.0065112,0.00700441,0.00631559,1,0.478628969,8.89540537,8.688774104,10.03468888
Rucci,2.727,RAND,1,0.0718878,0.0540625,0.0540625,1,2.72697312,37.04242016,50.38076552,51.49917945
s4dkt,0.185,RAND,0.159,0.0138524,0.0131704,0.0130439,1,1.161789507,13.82578022,13.64699287,14.3475361
scfxm,0.079,RAND,0.079,0.0107064,0.01042,0.010002,1,1.004742218,6.761556699,6.959555293,8.069236088
scircuit,0.156,RAND,0.208,0.0115658,0.0116619,0.0114447,1,0.74820624,13.43866027,13.58932367,13.6832503
shallow,0.087,RAND,0.105,0.00760602,0.00836323,0.00756641,1,0.831518894,10.50846475,10.91047267,11.25469107
sherman,0.175,RAND,0.11,0.0511182,0.0200326,0.0165299,1,1.596848292,2.788804623,9.067733378,9.977934511
ship,0.055,RAND,0.276,0.00564288,0.00568479,0.00545804,1,0.199131399,9.198155017,9.629930524,10.17361741
shock,0.146,RAND,0.072,0.0140739,0.0148941,0.0140739,1,2.03939468,8.173639453,9.247061208,10.08315147
shyy,0.101,RAND,0.099,0.00861997,0.00928891,0.00842032,1,1.021440594,10.90739835,11.07843643,11.1443357
skirt,0.021,RAND,0.049,0.00447072,0.00508409,0.00447072,1,0.428639486,4.431997332,4.21400736,4.614968761
sme3D,0.062,RAND,0.184,0.00671651,0.0078053,0.00552231,1,0.336200726,9.507058991,8.198282063,11.18326118
soc-sign,3.338,RAND,1.154,0.221436,0.204558,0.204394,1,2.891952555,14.96780442,15.80484941,16.2414122
sparsine,0.326,RAND,1.971,0.0111529,0.0107078,0.00964489,1,0.16542019,27.55775717,32.06515324,33.78248844
spmsrtls,0.047,RAND,0.047,0.00814074,0.00845096,0.00780583,1,1.008113836,5.748940116,5.739693891,6.030511824
std1_Jac3,0.054,RAND,0.456,0.0102404,0.00868579,0.00802829,1,0.118313414,5.082783483,6.073031579,6.595194302
stokes,0.064,RAND,0.083,0.00649606,0.00718691,0.00632749,1,0.77096637,10.04348515,8.643415878,10.51227637
ted_A,0.013,RAND,0.051,0.00258925,0.00265004,0.00246272,1,0.252774551,4.257716292,4.680939933,5.313691749
TF16,0.118,RAND,0.468,0.00557728,0.00729415,0.00533221,1,0.252099968,22.40892103,16.1762831,22.40892103
thermal,0.084,RAND,0.1,0.00694515,0.00700267,0.00666084,1,0.839495304,12.78317004,11.92512724,12.88055129
therm,0.121,RAND,0.126,0.00954586,0.0103859,0.00927667,1,0.957910983,13.29679097,12.76990945,13.30818343
tmt,0.862,RAND,1.04,0.0289649,0.0263858,0.0255703,1,0.829220494,30.43957286,34.87012698,35.39401504
tomogra,0.106,RAND,0.216,0.00841309,0.00766264,0.00654684,1,0.490514384,11.07637263,16.26407955,16.26407955
torso,0.378,RAND,0.428,0.0167482,0.0174717,0.0167482,1,0.884185333,22.44122536,21.58236413,22.44122536
Trec,0.053,RAND,2.153,0.0126404,0.00548458,0.00538585,1,0.024614286,3.972179752,9.542087809,9.889720289
Trefe,0.131,RAND,0.953,0.00957677,0.00945173,0.00912053,1,0.137524071,12.65431502,13.89709572,14.56989881
TSOPF,0.087,RAND,0.308,0.0949886,0.00809576,0.00775847,1,0.282491561,0.69739479,11.03107594,11.19280573
us04,0.009,RAND,0.135,0.0509546,0.0039871,0.00394102,1,0.066490073,0.137632988,2.333177788,2.333177788
usroads,0.126,RAND,0.137,0.0113133,0.0109574,0.0101134,1,0.918962248,10.55939661,11.72223876,12.04278054
venkat,0.079,RAND,0.094,0.00649904,0.00676826,0.00649904,1,0.837458585,12.36037857,11.75208748,12.36037857
vibro,0.071,RAND,0.216,0.00850502,0.00882227,0.00783126,1,0.328917777,8.677298598,8.039704818,8.677298598
plastic,0.061,RAND,0.129,0.00579968,0.00703542,0.00579968,1,0.474514425,9.820257098,8.176044992,10.45082459
rocks,0.041,RAND,0.077,0.00462733,0.00473859,0.00462733,1,0.531362588,8.680206377,8.559552565,8.680206377
wave3D,0.064,RAND,0.096,0.00720285,0.00635042,0.00626935,1,0.666645973,8.638306028,10.17609413,10.17609413
wathen120,0.058,RAND,0.069,0.00656672,0.00637876,0.00637876,1,0.845683619,8.198876471,8.700687354,9.005651823
water,0.284,RAND,0.183,0.0118874,0.0121708,0.00998321,1,1.549510049,25.49943883,22.93763225,25.6389423
wang4,0.074,RAND,0.125,0.010008,0.0102065,0.00964217,1,0.58981272,7.474845629,7.337630144,7.488279325
xenon,0.233,RAND,0.245,0.0171394,0.0123988,0.0123988,1,0.951772091,15.0203387,20.10214998,20.10214998
Zhao,0.083,RAND,0.096,0.00812042,0.00928615,0.00812042,1,0.863691365,10.11744772,9.542204134,10.11744772
G67,0.024,RAND,0.043,0.00595469,0.00614708,0.00589606,1,0.56436847,3.70390376,3.868016819,4.123895569
af101,1.19,RAND,0.729,0.0547889,0.0503979,0.0503979,1,1.63258062,22.39570003,22.72953005,23.71665966
eco1,1.129,RAND,1.14,0.0366928,0.0344478,0.0335461,1,0.989927741,31.65532982,34.18042663,34.18042663
ibm18,0.226,RAND,0.429,0.0120905,0.0163621,0.0106835,1,0.526888145,20.67268553,20.87933408,21.65767458
ibm17,0.317,RAND,0.477,0.0179492,0.0139802,0.0137094,1,0.664596926,15.78740295,24.35763462,24.57573902
web1M,0.288,RAND,1.162,0.0531758,0.024901,0.024901,1,0.247926404,4.887693365,11.5010922,11.52004608
nl120,6.108,RAND,8.585,0.212619,0.157909,0.157033,1,0.711461542,28.52459476,39.50994217,39.50994217
sat_p,14.937,RAND,12.823,0.323888,0.24615,0.239281,1,1.164851616,45.23170004,62.15074791,62.57173736
wbedu,11.545,RAND,9.493,0.163406,0.0944276,0.0944276,1,1.216187998,70.43757321,90.13053118,120.7840659
Stanf,0.173,RAND,0.899,0.36892,0.0338176,0.0338176,1,0.192334541,0.193736163,4.960559253,5.134384349
gene2,0.244,RAND,7.154,0.0548961,0.0181051,0.0181051,1,0.034105021,3.91238816,13.84538563,14.01855735
Hamr3,1.038,RAND,1.606,0.0313555,0.0282855,0.0281785,1,0.646384891,34.14406295,36.95475712,37.84591826
StocF,1.853,RAND,2.37,0.0513104,0.041494,0.041494,1,0.781826963,36.23868641,45.17506863,45.17506863
lang,1.061,RAND,1.067,0.127389,0.0430586,0.0430586,1,0.994302827,5.065575571,24.13003382,24.25774945
kron,1.798,RAND,5.468,0.142231,0.055722,0.055722,1,0.328842469,7.895730684,31.02808577,32.08434006
case39,0.351,RAND,0.231,0.169846,0.0215544,0.0213809,1,1.51760583,1.501186836,16.05099736,16.05099736
dac9,0.687,RAND,1.312,0.0744101,0.0377397,0.0377397,1,0.523476712,7.951775434,18.26423321,18.44745965
dac12,0.978,RAND,2.108,0.0763559,0.0464382,0.0440214,1,0.463892008,11.70398259,22.24977534,22.28399563
dac19,0.535,RAND,0.769,0.0918659,0.0415162,0.0415162,1,0.69563915,5.65125125,13.07930951,13.2525793
tran4,0.516,RAND,0.774,3.29096,0.0200961,0.0185942,1,0.666862864,0.099415261,25.54164625,27.39275154
Cheb4,0.276,RAND,0.31,1.30404,0.0144041,0.0144041,1,0.890899999,0.140726577,18.23587711,19.61244111
sat_d,8.146,RAND,25.197,13.665,0.435965,0.433107,1,0.323295971,0.162902081,19.0534554,19.0534554
HV15R,5.625,RAND,15.82,0.434584,0.309079,0.309079,1,0.355565375,12.86843767,18.3600329,18.46072051
gupta2,0.155,RAND,0.584,0.0587055,0.0211634,0.0211634,1,0.265502582,2.313149734,7.378211902,7.45049029
ASIC,26.063,RAND,1.151,41.3457,0.49969,0.49969,1,22.65085405,0.416963302,49.52786715,50.30292152
ASIC320k,3.398,RAND,0.826,10.4522,0.109578,0.109578,1,4.11153734,0.204664273,30.38567813,30.38567813
wiki-Talk,2.342,RAND,23.742,1.04315,0.176762,0.176762,1,0.09864463,0.964000231,12.85767618,13.36140255
com-Youtube,5.254,RAND,12.07,0.592037,0.225652,0.209766,1,0.435282433,5.874946607,26.011575,26.18829253
Freescal,1.829,RAND,4.463,0.0434918,0.0331787,0.0331787,1,0.409858883,41.02092538,55.14301306,55.14301306
roadNet-CA,1.066,RAND,1.993,0.02467,0.0234724,0.0231875,1,0.534822916,44.32027008,45.03724234,47.61224162
delaunay23,5.708,RAND,12.462,0.126665,0.0918125,0.0907229,1,0.458018775,46.05863034,63.40559587,63.45324381
coPapersDBLP,1.606,RAND,6.149,0.083724,0.0491662,0.0464451,1,0.261192699,19.35079644,33.51433019,35.29794454
dc1,0.519,RAND,0.737,3.22845,0.0199207,0.0181896,1,0.703731403,0.10181082,26.25906925,27.69166742
channel,6.708,RAND,8.625,0.257207,0.193272,0.186518,1,0.777760573,27.11212245,34.98451044,35.88125167
as-Skitter,5.032,RAND,10.057,0.529682,0.235074,0.189699,1,0.500337401,6.915678745,26.54358433,27.24742525
ASIC_100k,1.723,RAND,0.363,2.48827,0.0499175,0.0499175,1,4.751392619,0.679362826,32.08625859,33.98831023
dc2,0.523,RAND,0.767,3.26795,0.0195473,0.0195473,1,0.681642107,0.159172183,27.56185608,28.26583941
tran5,0.543,RAND,0.742,3.26713,0.0190423,0.0190423,1,0.732250484,0.16561341,27.95841765,28.49840189
Gmean,,,,,,,1,0.723760333,12.29647541,17.52046097,18.64917384
