id,dataset,hedges,ghypart_k2,ghypart_k3,ghypart_k4,bipart_k1,bipart_k2,bipart_k3,mtkahypar_k2,mtkahypar_k3,mtkahypar_k4,hmetis_k2,hmetis_k3,hmetis_k4
0,sat_10pipe_d,77639,4135.0,8239.0,11050.0,4135.0,8352.0,11053.0,2300.0,4224.0,5211.0,22718,16339,23791
1,sat_10pipe,2082017,48230.0,97670.0,119136.0,48230.0,97670.0,119136.0,57987.0,81621.0,157841.0,45232,136511,151725
2,sat_10pipe_p,2082017,62705.0,304303.0,187892.0,62705.0,304303.0,187892.0,105125.0,155061.0,212435.0,136810,141776,172149
3,sat_11pipe_d,89315,4867.0,9689.0,13532.0,3204.0,8387.0,9750.0,2177.0,3924.0,6480.0,52325,31996,51305
4,sat_11pipe,5584003,55310.0,285110.0,246497.0,55310.0,285110.0,246497.0,53865.0,178702.0,363258.0,segfault,segfault,segfault
5,sat_11pipe_p,5584003,210539.0,283869.0,595069.0,210539.0,283869.0,595069.0,288032.0,337083.0,903157.0,segfault,segfault,segfault
6,sat_11pipe_kd,104244,4735.0,7753.0,11976.0,4735.0,8450.0,12136.0,2832.0,5474.0,6019.0,31953,32094,32807
7,sat_11pipe_k,3007883,63660.0,140237.0,158728.0,63660.0,140237.0,158728.0,69340.0,118134.0,214782.0,59659,193129,208411
8,sat_11pipe_kp,3007883,78222.0,356490.0,265374.0,78222.0,356490.0,265374.0,144937.0,210241.0,309896.0,186795,195353,288369
9,sat_6s10_d,33900,477.0,1261.0,1007.0,490.0,794.0,1170.0,390.0,595.0,740.0,346,509,631
10,sat_6s10,99184,2798.0,4276.0,5877.0,2798.0,4276.0,5877.0,2649.0,3976.0,4804.0,2148,3159,3904
11,sat_6s10_p,99184,2395.0,4237.0,5420.0,2395.0,4237.0,5402.0,2722.0,4028.0,4788.0,1930,3317,3921
12,sat_6s11_d,33276,521.0,1005.0,1384.0,521.0,1005.0,1384.0,391.0,591.0,750.0,356,497,643
13,sat_6s11,97312,2348.0,4113.0,6288.0,2348.0,4113.0,5653.0,2542.0,4007.0,4627.0,2120,3131,3926
14,sat_6s11_p,97312,2927.0,5814.0,6149.0,2927.0,5814.0,6149.0,2834.0,3815.0,5053.0,1957,3222,3961
15,sat_6s12_d,34033,473.0,1102.0,1441.0,473.0,1102.0,1441.0,361.0,555.0,688.0,340,495,628
16,sat_6s12,99580,2010.0,5295.0,4820.0,2010.0,5295.0,4894.0,2418.0,3795.0,4748.0,2150,3300,3905
17,sat_6s12_p,99580,2419.0,5911.0,4931.0,2419.0,5911.0,4931.0,2454.0,3810.0,4754.0,1927,3185,3992
18,sat_130_d,49327,474.0,601.0,1244.0,474.0,601.0,1244.0,301.0,418.0,563.0,260,361,533
19,sat_130,144361,1895.0,5061.0,5950.0,1913.0,5412.0,5382.0,1589.0,2938.0,3789.0,1245,1972,3131
20,sat_130_p,144361,2015.0,3814.0,5602.0,2015.0,3814.0,5602.0,1607.0,2229.0,3988.0,1331,2373,3148
21,sat_131_d,49282,394.0,654.0,1100.0,394.0,654.0,1100.0,273.0,469.0,629.0,240,363,512
22,sat_131,144226,1532.0,3352.0,3893.0,1749.0,3352.0,4662.0,1607.0,2896.0,3596.0,1256,2099,3200
23,sat_131_p,144226,1829.0,4691.0,4284.0,1832.0,3959.0,5469.0,1499.0,2915.0,3460.0,1330,2379,3223
24,sat_133_d,48215,362.0,974.0,1398.0,512.0,964.0,1122.0,310.0,535.0,682.0,248,415,584
25,sat_133,140968,1763.0,3679.0,5082.0,1763.0,3679.0,4809.0,2027.0,3352.0,4378.0,1661,3049,4082
26,sat_133_p,140968,1838.0,5568.0,4411.0,1838.0,5568.0,4411.0,2020.0,3569.0,4393.0,1537,3134,3822
27,sat_153_d,85646,94.0,415.0,458.0,94.0,415.0,458.0,75.0,213.0,313.0,59,116,265
28,sat_153,245440,192.0,1653.0,2981.0,192.0,1653.0,2981.0,157.0,466.0,826.0,250,315,626
29,sat_153_p,245440,467.0,520.0,1710.0,467.0,520.0,1710.0,149.0,462.0,786.0,138,332,567
30,sat_16_d,31483,460.0,1053.0,1120.0,460.0,1053.0,1120.0,395.0,596.0,776.0,339,501,685
31,sat_16,91888,1890.0,4029.0,5192.0,1890.0,4055.0,5192.0,2202.0,3717.0,4381.0,1673,3132,3776
32,sat_16_p,91888,1979.0,4505.0,5216.0,1979.0,4505.0,5216.0,2393.0,3483.0,4428.0,1680,3133,3859
33,sat_184_d,33365,704.0,1316.0,1648.0,704.0,1188.0,1648.0,478.0,728.0,818.0,374,587,644
34,sat_184,97516,2805.0,5646.0,6345.0,2805.0,5646.0,6345.0,2633.0,3926.0,5224.0,2026,3217,4227
35,sat_184_p,97516,2240.0,4583.0,5499.0,2240.0,4583.0,5499.0,2690.0,3985.0,4677.0,1996,3310,4351
36,sat_9_d,34317,402.0,970.0,1194.0,410.0,802.0,1233.0,402.0,620.0,748.0,353,525,613
37,sat_9,100384,2276.0,4727.0,4806.0,2276.0,4727.0,4806.0,2419.0,3724.0,4586.0,2089,3254,4057
38,sat_9_p,100384,2620.0,4068.0,5076.0,2620.0,4068.0,5076.0,2507.0,3678.0,4603.0,1866,3200,3879
39,sat_9dlx_d,69789,1217.0,1835.0,2746.0,1331.0,1793.0,2843.0,939.0,976.0,1105.0,4903,2137,3163
40,sat_9dlx,968295,37022.0,112841.0,119020.0,37022.0,111717.0,132497.0,32921.0,73031.0,81379.0,30809,66880,75674
41,sat_9dlx_p,968295,57266.0,167774.0,192548.0,57266.0,167774.0,192548.0,55428.0,99094.0,118161.0,53428,107830,110472
42,sat_bug7,13378010,367093.0,836271.0,1309366.0,367093.0,367093.0,367093.0,357185.0,869093.0,925920.0,segfault,segfault,segfault
43,sat_bug8_d,521179,3553.0,20334.0,21321.0,3553.0,20334.0,21410.0,4090.0,8577.0,16247.0,110472,110472,110472
44,sat_bug8,13378617,354839.0,695726.0,1091739.0,354839.0,354839.0,354839.0,351861.0,854946.0,916384.0,segfault,segfault,segfault
45,sat_bug8_p,13378617,370110.0,1544126.0,1954653.0,,,,349047.0,1271930.0,1679647.0,segfault,segfault,segfault
46,sat_aaai_d,53919,1451.0,3612.0,4173.0,1451.0,3612.0,4173.0,801.0,1341.0,1657.0,971,1234,1544
47,sat_aaai,308235,3180.0,5194.0,6895.0,3180.0,5194.0,6895.0,2311.0,3436.0,3889.0,2377,3261,4089
48,sat_aaai_p,308235,2392.0,4065.0,6337.0,2392.0,3915.0,6313.0,2568.0,4309.0,4771.0,2313,3707,3977
49,sat_ACG_10p_d,381708,2242.0,7129.0,6776.0,2242.0,7129.0,6845.0,1852.0,1896.0,3465.0,1407,1219,2697
50,sat_ACG_10p,1632906,5716.0,12630.0,16477.0,5768.0,8121.0,14232.0,3774.0,4648.0,10416.0,3962,3839,8167
51,sat_ACG_10p_p,1632906,5484.0,22346.0,16201.0,10620.0,15845.0,20120.0,4170.0,5006.0,10679.0,4470,4218,8543
52,sat_ACG_5p0_d,324716,2111.0,3489.0,5378.0,2111.0,3300.0,4997.0,1667.0,2334.0,3383.0,1201,2219,4953
53,sat_ACG_5p0,1390931,6231.0,12413.0,14893.0,6486.0,10978.0,16951.0,3866.0,7502.0,9511.0,3087,5434,7411
54,sat_ACG_5p0_p,1390931,7706.0,14907.0,14266.0,9347.0,15219.0,19497.0,4272.0,7017.0,9829.0,3365,5116,8248
55,sat_ACG_5p1_d,331196,2190.0,7377.0,6906.0,2190.0,7341.0,6915.0,1412.0,2290.0,3454.0,1077,1650,2709
56,sat_ACG_5p1,1416850,6088.0,13308.0,19000.0,5506.0,11846.0,15941.0,4077.0,7123.0,10303.0,3230,5565,8371
57,sat_ACG_5p1_p,1416850,7080.0,12599.0,18504.0,7080.0,13822.0,18698.0,4223.0,7290.0,10529.0,3396,5536,8360
58,sat_01_d,7502,300.0,747.0,1045.0,300.0,747.0,1045.0,244.0,537.0,611.0,240,442,570
59,sat_01,28770,1109.0,2835.0,3426.0,1105.0,2886.0,3246.0,1098.0,2114.0,2552.0,988,1733,2193
60,sat_01_p,28770,1051.0,2301.0,3343.0,1276.0,3341.0,3926.0,1125.0,1992.0,2648.0,1062,1748,2303
61,sat_27_d,7729,211.0,376.0,658.0,211.0,376.0,658.0,127.0,199.0,202.0,104,163,187
62,sat_27,29194,2852.0,5126.0,5606.0,2852.0,5126.0,5606.0,2814.0,4114.0,4485.0,2383,3487,4101
63,sat_27_p,29194,3226.0,4874.0,5643.0,3201.0,4902.0,5468.0,3367.0,4868.0,5406.0,2424,3524,4169
64,sat_enc1_opt1_05_d,59517,828.0,1368.0,2014.0,828.0,1368.0,2014.0,720.0,1055.0,1211.0,6411,4830,6462
65,sat_enc1_opt1_05,561784,3645.0,6393.0,8362.0,3645.0,6393.0,8202.0,1039.0,1579.0,1755.0,1143,1676,1521
66,sat_enc1_opt1_05_p,561784,2918.0,4815.0,5081.0,2918.0,4815.0,5081.0,1595.0,2284.0,2718.0,2116,3132,4027
67,sat_enc1_opt1_10_d,46993,451.0,803.0,1149.0,451.0,803.0,1149.0,587.0,796.0,908.0,2283,1665,2424
68,sat_enc1_opt1_10,270831,1854.0,3189.0,3150.0,1854.0,3189.0,3148.0,795.0,1129.0,1328.0,902,1351,1563
69,sat_enc1_opt1_10_p,270831,2326.0,5024.0,4422.0,3114.0,5514.0,4677.0,1278.0,1766.0,2097.0,1497,2760,3247
70,sat_enc1_opt1_15_d,61642,730.0,1402.0,1578.0,724.0,1411.0,1530.0,792.0,1146.0,1222.0,8309,6910,8367
71,sat_enc1_opt1_15,644099,2235.0,4033.0,3554.0,2235.0,4033.0,3554.0,969.0,1259.0,1564.0,918,1567,1836
72,sat_enc1_opt1_15_p,644099,2927.0,3700.0,4840.0,2927.0,3700.0,4840.0,1746.0,2429.0,2771.0,2142,2940,3434
73,sat_enc1_opt2_4_d,14636,548.0,1072.0,1726.0,548.0,1072.0,1718.0,552.0,805.0,858.0,5767,4039,4826
74,sat_enc1_opt2_4,386163,357.0,774.0,978.0,357.0,773.0,950.0,281.0,389.0,415.0,270,318,393
75,sat_enc1_opt2_4_p,386163,495.0,1252.0,1498.0,495.0,1363.0,1498.0,474.0,835.0,819.0,482,604,684
76,sat_enc1_opt2_12_d,9495,370.0,802.0,1261.0,370.0,946.0,1261.0,412.0,583.0,691.0,1883,1457,1903
77,sat_enc1_opt2_12,147853,382.0,729.0,817.0,382.0,729.0,785.0,543.0,686.0,845.0,307,441,493
78,sat_enc1_opt2_12_p,147853,789.0,1698.0,3127.0,789.0,1646.0,3120.0,744.0,1074.0,1176.0,673,889,1073
79,sat_enc1_opt2_16_d,9643,398.0,899.0,1415.0,398.0,899.0,1353.0,431.0,590.0,732.0,2012,1465,2084
80,sat_enc1_opt2_16,152744,424.0,801.0,770.0,424.0,801.0,770.0,351.0,740.0,519.0,307,371,497
81,sat_enc1_opt2_16_p,152744,706.0,1181.0,1741.0,727.0,1266.0,1586.0,786.0,1054.0,1042.0,765,971,803
82,sat_enc2_opt1_05_d,56533,705.0,1321.0,1720.0,705.0,1321.0,1720.0,672.0,972.0,1165.0,6324,5459,6380
83,sat_enc2_opt1_05,526872,1440.0,2880.0,4143.0,1440.0,2880.0,4145.0,970.0,1522.0,1677.0,871,1251,1522
84,sat_enc2_opt1_05_p,526872,2037.0,4270.0,7318.0,1980.0,4274.0,6142.0,1595.0,2353.0,2669.0,1440,2492,2724
85,sat_enc2_opt1_15_d,58752,674.0,1215.0,1581.0,674.0,1215.0,1545.0,711.0,948.0,1114.0,7482,4324,7849
86,sat_enc2_opt1_15,580963,1488.0,2980.0,5491.0,1488.0,2979.0,5391.0,972.0,1345.0,1702.0,913,1312,1568
87,sat_enc2_opt1_15_p,580963,2208.0,3818.0,6603.0,2064.0,4298.0,6023.0,1669.0,2315.0,2707.0,1488,2197,2818
88,sat_enc3_opt1_50_d,1613160,3958.0,6375.0,7744.0,3958.0,6613.0,7965.0,2903.0,3924.0,4458.0,2700,3423,4327
89,sat_enc3_opt1_50,6429816,17953.0,54965.0,54888.0,17953.0,54965.0,54888.0,2700.0,4824.0,6701.0,1740,2579,3943
90,sat_enc3_opt1_50_p,6429816,1740.0,4085.0,12289.0,1980.0,5452.0,8650.0,1740.0,3449.0,4659.0,1980,2092,3557
91,sat_enc3_opt2_21_d,1484061,3230.0,3573.0,6588.0,3230.0,3573.0,6588.0,2602.0,3415.0,4361.0,644,1049,2014
92,sat_enc3_opt2_21,5933456,908.0,2684.0,6226.0,903.0,1867.0,6293.0,760.0,2671.0,4016.0,390,1586,3313
93,sat_enc3_opt2_21_p,5933456,4304.0,5249.0,18197.0,4304.0,2529.0,14102.0,343.0,3432.0,3436.0,462,1542,3271
94,sat_enc3_opt2_12_d,1236271,2428.0,4042.0,4815.0,2428.0,4042.0,4815.0,1676.0,2910.0,2992.0,406,572,1471
95,sat_enc3_opt2_12,4932603,1425.0,4409.0,4806.0,1449.0,5052.0,6459.0,705.0,3619.0,3742.0,558,1528,3034
96,sat_enc3_opt2_12_p,4932603,4867.0,11972.0,12913.0,12096.0,13064.0,20152.0,813.0,4207.0,4080.0,417,1368,3617
97,sat_enc3_opt2_14_d,1240678,3491.0,4129.0,6585.0,3491.0,4129.0,6585.0,1672.0,2575.0,2869.0,411,715,1517
98,sat_enc3_opt2_14,4950217,1884.0,7393.0,7469.0,1362.0,4267.0,4983.0,836.0,3662.0,3757.0,614,1676,3291
99,sat_enc3_opt2_14_p,4950217,7359.0,10940.0,10849.0,7359.0,10940.0,16263.0,684.0,3868.0,3985.0,417,949,3708
100,sat_blocks_d,559571,1521.0,11578.0,10110.0,1521.0,11578.0,10110.0,1481.0,2962.0,4443.0,175908,130016,178673
101,sat_blocks,10223027,19987.0,43348.0,51139.0,19987.0,43346.0,62347.0,9937.0,19897.0,29810.0,9918,19836,29754
102,sat_blocks_p,10223027,21169.0,73094.0,71747.0,21984.0,54432.0,84823.0,9955.0,19910.0,39820.0,9955,19910,29865
103,sat_bob-opt_d,51144,89.0,260.0,276.0,174.0,321.0,364.0,98.0,125.0,159.0,73,117,131
104,sat_bob-opt,152446,300.0,1728.0,5455.0,1427.0,2559.0,2092.0,468.0,885.0,1135.0,454,657,1022
105,sat_bob-opt_p,152446,433.0,5669.0,2862.0,421.0,6852.0,5344.0,462.0,739.0,1218.0,285,706,995
106,sat_bob_d,26294,222.0,891.0,879.0,248.0,827.0,1008.0,283.0,777.0,683.0,207,608,646
107,sat_bob,77920,1919.0,4582.0,5037.0,1919.0,4622.0,4404.0,2217.0,2717.0,3964.0,1705,2399,3406
108,sat_bob_p,77920,2039.0,4705.0,5107.0,2039.0,4705.0,5107.0,2339.0,2752.0,4355.0,1732,2469,3541
109,sat_c10_d,133998,1496.0,1736.0,3333.0,1496.0,1736.0,3398.0,632.0,1264.0,1289.0,712,1138,1527
110,sat_c10,398467,6731.0,14196.0,16012.0,6731.0,14196.0,16012.0,5133.0,10795.0,11848.0,5215,9208,10970
111,sat_c10_p,398467,7909.0,13741.0,19766.0,7909.0,13741.0,19766.0,5385.0,10121.0,11288.0,4852,8832,11301
112,sat_count_d,18607,117.0,373.0,400.0,117.0,235.0,385.0,104.0,183.0,266.0,96,160,224
113,sat_count,55724,329.0,949.0,1012.0,379.0,866.0,994.0,390.0,591.0,972.0,289,512,735
114,sat_count_p,55724,424.0,726.0,1074.0,424.0,726.0,1074.0,331.0,629.0,882.0,303,526,749
115,sat_ctl_d,8806,982.0,2285.0,2510.0,982.0,2285.0,2510.0,720.0,1054.0,1457.0,2285,2207,1430
116,sat_ctl,90812,0.0,2758.0,3990.0,0.0,3187.0,3722.0,0.0,20.0,2116.0,0,0,1983
117,sat_ctl_p,90812,0.0,16116.0,17492.0,1710.0,20184.0,7018.0,0.0,40.0,4177.0,0,0,3227
118,sat_ctl_5_d,15232,2985.0,10628.0,10703.0,2985.0,10628.0,10703.0,2142.0,2705.0,3664.0,3805,3655,4639
119,sat_ctl_5,134756,5096.0,14165.0,11505.0,5096.0,10346.0,12531.0,4170.0,7861.0,10959.0,4170,6769,9867
120,sat_ctl_5_p,134756,4950.0,9677.0,13975.0,4950.0,9677.0,12093.0,4170.0,7965.0,10771.0,4170,6851,9976
121,sat_dated_11_d,141860,3526.0,7779.0,8222.0,3743.0,7774.0,8928.0,1817.0,2564.0,2998.0,1487,2097,2528
122,sat_dated_11,629461,10089.0,16021.0,18184.0,10089.0,16021.0,18184.0,4365.0,6429.0,7327.0,4197,5724,6851
123,sat_dated_11_p,629461,8158.0,15720.0,14404.0,8158.0,15321.0,14398.0,6027.0,8754.0,10405.0,5195,7761,9190
124,sat_dated_17_d,229544,6684.0,10969.0,13883.0,6684.0,10969.0,13883.0,2721.0,4238.0,4771.0,2426,3353,3941
125,sat_dated_17,1070757,16829.0,25032.0,27074.0,16829.0,25032.0,27074.0,7080.0,9565.0,11083.0,6636,8806,10400
126,sat_dated_17_p,1070757,15439.0,25817.0,32133.0,15439.0,25817.0,32133.0,9759.0,12517.0,15631.0,8256,11598,13621
127,sat_E02F20_d,10420,384.0,710.0,1302.0,384.0,710.0,1302.0,309.0,387.0,480.0,1121,1128,1123
128,sat_E02F20,395383,190.0,5073.0,9403.0,190.0,4849.0,9502.0,190.0,6357.0,8998.0,190,6568,8625
129,sat_E02F20_p,395383,211.0,8671.0,10641.0,223.0,8507.0,10383.0,190.0,7287.0,9124.0,190,6932,9868
130,sat_E02F22_d,13574,486.0,956.0,1343.0,486.0,956.0,1343.0,325.0,461.0,581.0,9868,9868,9868
131,sat_E02F22,1301188,231.0,6956.0,14437.0,243.0,7721.0,15307.0,231.0,8365.0,13876.0,231,10495,13129
132,sat_E02F22_p,1301188,367.0,9142.0,19540.0,367.0,9142.0,20812.0,231.0,11200.0,13594.0,231,11670,14377
133,sat_gss-18_d,31364,249.0,410.0,547.0,284.0,410.0,563.0,116.0,237.0,299.0,89,152,220
134,sat_gss-18,94269,1253.0,3481.0,2989.0,1253.0,3481.0,2989.0,1357.0,1845.0,2465.0,816,1297,1681
135,sat_gss-18_p,94269,1454.0,2170.0,3132.0,1454.0,2170.0,3132.0,1333.0,1868.0,2340.0,840,1334,1771
136,sat_gss-19_d,31435,186.0,389.0,610.0,186.0,389.0,610.0,124.0,193.0,296.0,91,157,225
137,sat_gss-19,94548,1450.0,2323.0,3376.0,1450.0,2323.0,3376.0,1370.0,2324.0,2578.0,940,1466,1839
138,sat_gss-19_p,94548,1642.0,2565.0,3242.0,1642.0,2565.0,3242.0,1372.0,2125.0,2500.0,928,1437,1835
139,sat_gss-20_d,31503,311.0,456.0,642.0,311.0,485.0,703.0,104.0,263.0,291.0,94,160,226
140,sat_gss-20,94748,1622.0,3056.0,3127.0,1622.0,3056.0,3127.0,1433.0,2307.0,2471.0,954,1486,1839
141,sat_gss-20_p,94748,1475.0,2590.0,3027.0,1475.0,2590.0,3027.0,1339.0,2094.0,2415.0,968,1539,1825
142,sat_gss-22_d,31616,276.0,514.0,616.0,276.0,514.0,616.0,128.0,237.0,310.0,95,159,225
143,sat_gss-22,95110,1515.0,3209.0,3517.0,1515.0,3209.0,3517.0,1445.0,2246.0,2562.0,1010,1536,1859
144,sat_gss-22_p,95110,1774.0,3729.0,3614.0,1947.0,3161.0,3448.0,1328.0,2205.0,2524.0,1023,1531,1902
145,sat_k45_d,163622,183.0,945.0,1094.0,183.0,945.0,1094.0,150.0,285.0,398.0,101,202,303
146,sat_k45,488120,356.0,1052.0,1508.0,1089.0,1285.0,2354.0,304.0,626.0,917.0,302,604,906
147,sat_k45_p,488120,558.0,1496.0,2726.0,841.0,1151.0,2027.0,326.0,604.0,926.0,302,604,906
148,sat_itox_d,152256,81.0,588.0,576.0,79.0,548.0,1111.0,38.0,245.0,282.0,88,208,216
149,sat_itox,441729,31.0,2098.0,4431.0,31.0,1483.0,4431.0,41.0,1214.0,2878.0,28,1044,1941
150,sat_itox_p,441729,149.0,3414.0,2734.0,149.0,3414.0,2734.0,16.0,1185.0,2655.0,28,1119,1767
151,sat_k2fix_d,11313,3442.0,7528.0,9021.0,3482.0,7007.0,9396.0,3026.0,4117.0,4006.0,4770,4531,5148
152,sat_k2fix,305160,0.0,40.0,197.0,0.0,40.0,197.0,0.0,0.0,0.0,0,0,0
153,sat_k2fix_p,305160,1665.0,3941.0,8398.0,1665.0,3722.0,8630.0,3023.0,1306.0,7668.0,1297,1256,2426
154,sat_manol_c10_i_d,252516,1360.0,2176.0,3528.0,1360.0,2176.0,3528.0,1041.0,1453.0,1798.0,1144,1474,1710
155,sat_manol_c10_i,750877,7236.0,15281.0,18853.0,7236.0,19555.0,18853.0,7412.0,9985.0,14027.0,5755,8432,13695
156,sat_manol_c10_i_p,750877,7620.0,20282.0,18495.0,15781.0,16114.0,30184.0,5945.0,9530.0,13928.0,5802,9616,12427
157,sat_manol_c10_d,433601,3645.0,4140.0,7469.0,3645.0,4140.0,7482.0,1417.0,2399.0,2684.0,1325,1785,2903
158,sat_manol_c10,1291714,9628.0,22497.0,27383.0,9628.0,22497.0,27391.0,8724.0,16489.0,21281.0,7106,12177,17731
159,sat_manol_c10_p,1291714,12314.0,27919.0,27745.0,12314.0,28184.0,26750.0,8682.0,16699.0,23144.0,9666,11268,17624
160,sat_manol_c8_d,269048,1576.0,2585.0,5378.0,1657.0,4705.0,4107.0,1097.0,1745.0,1974.0,1213,1481,2042
161,sat_manol_c8,799867,9976.0,19720.0,22671.0,9976.0,19720.0,22671.0,6298.0,11932.0,14871.0,5358,9485,13347
162,sat_manol_c8_p,799867,8266.0,15345.0,19189.0,8266.0,15345.0,19189.0,5882.0,9769.0,14875.0,6535,8531,14079
163,sat_manol_g10_i_d,266405,1609.0,3869.0,4498.0,1609.0,3784.0,4775.0,1043.0,1507.0,1843.0,987,1376,2442
164,sat_manol_g10_i,792175,8782.0,13288.0,16148.0,8782.0,13288.0,16148.0,7890.0,9274.0,16093.0,5803,8701,11244
165,sat_manol_g10_i_p,792175,7748.0,14911.0,17773.0,7748.0,14911.0,17773.0,6316.0,13777.0,13805.0,5958,8767,11822
166,sat_MD5-28-1_d,8282,739.0,1102.0,1680.0,739.0,1102.0,1680.0,512.0,686.0,787.0,448,650,827
167,sat_MD5-28-1,62558,4322.0,7832.0,9228.0,4881.0,8099.0,10232.0,3559.0,5439.0,6688.0,3483,5106,6377
168,sat_MD5-28-1_p,62558,4181.0,7006.0,9621.0,4181.0,7069.0,9366.0,3512.0,5349.0,6652.0,3489,5055,6469
169,sat_MD5-28-2_d,8281,614.0,1158.0,1657.0,680.0,1221.0,1686.0,534.0,662.0,803.0,453,650,774
170,sat_MD5-28-2,62554,4843.0,8296.0,9670.0,4283.0,8270.0,9779.0,3989.0,5711.0,6883.0,3483,5108,6447
171,sat_MD5-28-2_p,62554,4254.0,7505.0,9296.0,4254.0,7211.0,10282.0,3914.0,5639.0,6732.0,3483,5026,6490
172,sat_MD5-28-4_d,8281,618.0,1036.0,1636.0,680.0,1175.0,1686.0,487.0,665.0,777.0,453,641,783
173,sat_MD5-28-4,62544,4315.0,8119.0,10459.0,4315.0,8131.0,10064.0,3924.0,5760.0,6781.0,3483,5080,6478
174,sat_MD5-28-4_p,62544,4027.0,9645.0,9698.0,4027.0,9645.0,9698.0,3856.0,5884.0,6575.0,3483,5059,6586
175,sat_MD5-29-4_d,8590,670.0,1520.0,1674.0,670.0,1520.0,1674.0,574.0,755.0,831.0,496,743,817
176,sat_MD5-29-4,65312,4285.0,9219.0,9926.0,4273.0,9219.0,9947.0,4040.0,5879.0,6658.0,3855,5318,6532
177,sat_MD5-29-4_p,65312,4721.0,7591.0,10837.0,4863.0,9855.0,9547.0,4049.0,6445.0,7032.0,3733,5809,6990
178,sat_MD5-30-4_d,8905,632.0,1390.0,1729.0,632.0,1390.0,1729.0,517.0,769.0,927.0,482,731,871
179,sat_MD5-30-4,68106,4667.0,7605.0,11323.0,4667.0,7839.0,11455.0,4402.0,6494.0,6764.0,4089,5830,7021
180,sat_MD5-30-4_p,68106,4654.0,7898.0,11082.0,4538.0,7904.0,11283.0,4614.0,6234.0,7086.0,4133,5827,7438
181,sat_MD5-30-5_d,8905,721.0,1464.0,1764.0,721.0,1464.0,1764.0,513.0,802.0,905.0,520,728,868
182,sat_MD5-30-5,68103,4620.0,8782.0,10224.0,4620.0,9194.0,10618.0,4410.0,6408.0,6935.0,4119,5910,7303
183,sat_MD5-30-5_p,68103,4647.0,8984.0,10374.0,5377.0,11003.0,11211.0,4459.0,6085.0,6909.0,4088,5995,7478
184,sat_min_d,249327,1924.0,5812.0,11328.0,1924.0,6093.0,11328.0,865.0,1226.0,1457.0,1006,1360,1499
185,sat_min,746444,4034.0,29754.0,42510.0,4034.0,29144.0,40203.0,2298.0,15753.0,25738.0,2170,8680,20583
186,sat_min_p,746444,3444.0,39994.0,49670.0,4753.0,34540.0,44676.0,2283.0,13282.0,24662.0,2174,8801,20253
187,sat_p30_d,324116,833.0,12293.0,4513.0,3509.0,4252.0,12466.0,188.0,386.0,571.0,181,362,543
188,sat_p30,1643601,5381.0,9764.0,27232.0,5379.0,8940.0,19337.0,3334.0,7141.0,10136.0,3226,6450,9674
189,sat_p30_p,1643601,4284.0,26003.0,17238.0,4284.0,26003.0,17238.0,4279.0,8566.0,14562.0,4271,8542,12813
190,sat_p30_NOT_d,95456,1840.0,3624.0,3923.0,1840.0,3624.0,3923.0,185.0,1341.0,2063.0,181,362,543
191,sat_p30_NOT,483561,3873.0,7811.0,11735.0,3873.0,7811.0,11735.0,3479.0,6951.0,10705.0,3226,6452,9676
192,sat_p30_NOT_p,483561,4350.0,14313.0,13563.0,4350.0,30832.0,13581.0,4279.0,10405.0,17880.0,4271,8542,12813
193,sat_non_p30_d,324116,833.0,12293.0,4513.0,3509.0,4252.0,12466.0,188.0,386.0,571.0,181,362,543
194,sat_non_p30,1643601,5381.0,9764.0,27232.0,5379.0,8940.0,19337.0,3334.0,7141.0,10136.0,3225,6452,9675
195,sat_non_p30_p,1643601,4284.0,26003.0,17238.0,4284.0,26003.0,17238.0,4279.0,8566.0,14562.0,4271,8542,12813
196,sat_post_d,276895,821.0,1029.0,1955.0,821.0,1423.0,1962.0,388.0,503.0,804.0,3072,2740,3072
197,sat_post,1607567,5235.0,5657.0,9382.0,5236.0,6493.0,14107.0,1270.0,1479.0,1927.0,1303,1651,2139
198,sat_post_p,1607567,1983.0,7849.0,10492.0,1983.0,7466.0,4886.0,1322.0,2057.0,2446.0,1547,1802,1515
199,sat_post-ee_d,266199,349.0,724.0,1084.0,349.0,724.0,1084.0,306.0,411.0,717.0,3048,2672,3072
200,sat_post-ee,1575975,4820.0,4577.0,6462.0,4820.0,4723.0,6462.0,879.0,1475.0,1582.0,1028,1314,1295
201,sat_post-ee_p,1575975,2470.0,2900.0,5491.0,2470.0,2900.0,4730.0,1339.0,2352.0,3779.0,2707,1508,3351
202,sat_L100_d,315617,500.0,2286.0,2791.0,513.0,2286.0,2908.0,369.0,1372.0,1843.0,2062,2317,2502
203,sat_L100,1522583,63207.0,156916.0,254924.0,63207.0,156916.0,263510.0,85271.0,126735.0,144357.0,60488,127384,157496
204,sat_L100_p,1522583,76911.0,162373.0,181528.0,76911.0,155502.0,181716.0,80937.0,143670.0,162120.0,60494,144919,195456
205,sat_L150_d,486992,2142.0,2888.0,4947.0,2142.0,2888.0,4947.0,375.0,2638.0,2762.0,3372,2313,3519
206,sat_L150,2456708,121874.0,222885.0,291730.0,121741.0,189453.0,256302.0,140734.0,201810.0,245962.0,94463,257309,242474
207,sat_L150_p,2456708,148523.0,281789.0,352429.0,182673.0,258778.0,316389.0,152668.0,190245.0,266040.0,94469,315035,292162
208,sat_L200_d,670867,625.0,3954.0,4574.0,608.0,3954.0,4544.0,335.0,3521.0,3542.0,292162,292162,292162
209,sat_L200,3513333,231057.0,308544.0,400511.0,166731.0,315631.0,394223.0,196767.0,277485.0,328841.0,130938,430323,
210,sat_L200_p,3513333,145077.0,318292.0,414424.0,145077.0,318292.0,414424.0,158353.0,293906.0,332929.0,176279,418381,297240
211,sat_L80_d,250567,465.0,2018.0,2407.0,465.0,2018.0,2407.0,399.0,1002.0,1557.0,1695,1903,1945
212,sat_L80,1183233,84188.0,108946.0,162996.0,84188.0,108954.0,162996.0,68854.0,101318.0,115684.0,47598,101371,111366
213,sat_L80_p,1183233,61474.0,124833.0,143099.0,61474.0,124830.0,142953.0,81447.0,123950.0,127756.0,47608,171826,154075
214,sat_k100_1d,1621762,675.0,2413.0,8480.0,674.0,2511.0,4521.0,593.0,1182.0,1785.0,680,1266,1981
215,sat_k100_1,6356704,4274.0,4908.0,10524.0,1365.0,5577.0,7598.0,1186.0,2365.0,3544.0,1165,2338,3499
216,sat_k100_1p,6356704,2390.0,4806.0,4788.0,1202.0,3604.0,9403.0,1164.0,2394.0,3506.0,1173,2350,3537
217,sat_k100_2d,1621756,725.0,3241.0,4004.0,1264.0,2391.0,2863.0,588.0,1198.0,1769.0,665,1422,2019
218,sat_k100_2,6356692,3663.0,9557.0,14020.0,2391.0,9673.0,10791.0,1187.0,2354.0,3547.0,1168,2328,3496
219,sat_k100_2p,6356692,2003.0,9007.0,14435.0,2004.0,4324.0,13082.0,1172.0,2386.0,3557.0,1167,2340,3562
220,sat_k70_d,1131652,753.0,2327.0,4711.0,701.0,2035.0,3096.0,594.0,1185.0,1773.0,701,1304,1921
221,sat_k70,4433524,5316.0,9738.0,13687.0,4573.0,7593.0,9172.0,1177.0,2359.0,3539.0,1164,2328,3498
222,sat_k70_p,4433524,1238.0,4777.0,5976.0,1192.0,8180.0,3585.0,1164.0,2346.0,3541.0,1176,2404,3571
223,sat_k75_d,1213331,1289.0,2166.0,3119.0,1285.0,2166.0,2896.0,601.0,1184.0,1796.0,631,1245,1938
224,sat_k75,4754042,2013.0,6658.0,8054.0,3945.0,8227.0,11515.0,1180.0,2353.0,3545.0,1164,2335,3500
225,sat_k75_p,4754042,1755.0,7916.0,16022.0,1755.0,7919.0,16022.0,1164.0,2358.0,3520.0,1171,2341,3888
226,sat_k80_d,1295022,736.0,3923.0,2581.0,730.0,3866.0,2764.0,599.0,1208.0,1821.0,622,1336,1944
227,sat_k80,5074584,3137.0,5584.0,8426.0,2479.0,9579.0,19835.0,1180.0,2416.0,3568.0,1164,2331,3496
228,sat_k80_p,5074584,1186.0,3584.0,7022.0,1170.0,2454.0,4810.0,1170.0,2379.0,3528.0,1170,2707,3563
229,sat_k85_2d,1376701,1461.0,4313.0,4171.0,1066.0,2822.0,5441.0,592.0,1204.0,1770.0,631,1266,2056
230,sat_k85_2,5395102,3421.0,7102.0,21290.0,4061.0,7826.0,15909.0,1185.0,2363.0,3552.0,1167,2328,3492
231,sat_k85_2p,5395102,1182.0,2385.0,4733.0,1182.0,4742.0,3597.0,1164.0,2435.0,3509.0,1173,2353,3607
232,sat_k85_3d,1376701,1063.0,5476.0,6029.0,1066.0,2833.0,5432.0,592.0,1217.0,1803.0,627,1264,1891
233,sat_k85_3,5395102,3421.0,7106.0,21290.0,4061.0,7826.0,15909.0,1167.0,2365.0,3549.0,1171,2332,3499
234,sat_k85_3p,5395102,1182.0,2385.0,4733.0,1182.0,4742.0,3597.0,1167.0,2407.0,3515.0,1170,2402,3525
235,sat_k90_d,1458392,669.0,3184.0,6614.0,669.0,3182.0,7747.0,591.0,1227.0,1786.0,822,1357,1958
236,sat_k90,5715644,1548.0,3739.0,15431.0,1472.0,4918.0,8814.0,1179.0,2362.0,3540.0,1164,2332,3496
237,sat_k90_p,5715644,1205.0,3557.0,4835.0,1266.0,2390.0,3641.0,1181.0,2373.0,3542.0,1164,2349,3641
238,sat_k95_d,1540071,708.0,2857.0,5451.0,854.0,3051.0,4683.0,588.0,1221.0,1784.0,685,1234,1920
239,sat_k95,6036162,3956.0,4418.0,15760.0,3956.0,4823.0,15626.0,1173.0,2368.0,3533.0,1167,2332,3496
240,sat_k95_p,6036162,1240.0,3549.0,3624.0,1240.0,2361.0,3602.0,1164.0,2342.0,3549.0,1173,2389,3633
241,sat_slp_d,94998,1211.0,3595.0,4284.0,1125.0,3709.0,4178.0,2000.0,3110.0,3925.0,1008,1891,2379
242,sat_slp,302862,3912.0,9631.0,18074.0,3912.0,9631.0,18074.0,2614.0,8550.0,12014.0,2477,3313,10528
243,sat_slp_p,302862,3736.0,10672.0,17518.0,3736.0,10672.0,17518.0,3691.0,9740.0,13627.0,2830,3512,10846
244,sat_030_d,361750,370.0,1029.0,1876.0,370.0,1029.0,1876.0,370.0,740.0,2073.0,4554,1680,5528
245,sat_030,1934720,14025.0,27727.0,46071.0,14025.0,27733.0,45007.0,15224.0,31596.0,48015.0,13016,26032,39048
246,sat_030_p,1934720,14340.0,52198.0,49097.0,15113.0,51804.0,72794.0,15661.0,36415.0,49003.0,13016,26032,39048
247,sat_050_d,602670,740.0,2099.0,1726.0,740.0,2099.0,1726.0,370.0,740.0,1110.0,7037,7096,7081
248,sat_050,3224280,13197.0,53825.0,55293.0,13197.0,53825.0,55289.0,14970.0,30072.0,45377.0,13016,26032,39048
249,sat_050_p,3224280,13684.0,51061.0,61631.0,13685.0,52623.0,84012.0,13016.0,30872.0,47757.0,13016,26032,39048
250,sat_UCG-10p0_d,199304,1257.0,5259.0,4862.0,1257.0,5259.0,4862.0,1218.0,2582.0,2811.0,600,1406,1630
251,sat_UCG-10p0,1005834,4146.0,10767.0,17767.0,4146.0,10767.0,17767.0,4760.0,11002.0,13052.0,3316,8314,10712
252,sat_UCG-10p0_p,1005834,9318.0,16145.0,22203.0,9318.0,16145.0,22203.0,5053.0,11139.0,13854.0,3712,8685,10853
253,sat_UCG-10p1_d,200003,1880.0,6905.0,7129.0,1880.0,4097.0,5426.0,1188.0,2525.0,2833.0,603,1310,1593
254,sat_UCG-10p1,1019221,4923.0,22109.0,21307.0,4821.0,12662.0,30463.0,5544.0,11185.0,13786.0,3636,9006,11674
255,sat_UCG-10p1_p,1019221,7742.0,21305.0,21658.0,7742.0,21305.0,21658.0,5075.0,11857.0,14354.0,4052,9590,11668
256,sat_UCG-5p0_d,224587,2314.0,5974.0,6611.0,2314.0,5974.0,6611.0,1675.0,3026.0,4411.0,1161,1785,2369
257,sat_UCG-5p0,1190673,10114.0,19242.0,22210.0,10114.0,19242.0,21825.0,8240.0,13781.0,16766.0,6799,13328,16108
258,sat_UCG-5p0_p,1190673,9083.0,20459.0,23681.0,9083.0,20459.0,23681.0,8107.0,13703.0,18340.0,7012,12024,16658
259,sat_UR-15_d,199996,2968.0,5415.0,6987.0,2995.0,5415.0,6876.0,2978.0,4228.0,4776.0,1552,3450,4124
260,sat_UR-15,1019200,11446.0,18380.0,22830.0,11446.0,18380.0,22830.0,9156.0,14699.0,16473.0,8581,12821,15850
261,sat_UR-15_p,1019200,11461.0,22871.0,25838.0,11461.0,22871.0,25838.0,10096.0,14608.0,18313.0,8605,14582,17570
262,sat_UR-20_d,224569,3364.0,5180.0,8261.0,3364.0,5180.0,8256.0,3205.0,4568.0,5243.0,2044,3345,4980
263,sat_UR-20,1190619,13568.0,23275.0,27836.0,13568.0,23275.0,27836.0,12207.0,16512.0,17662.0,10798,15522,19282
264,sat_UR-20_p,1190619,15164.0,31724.0,34304.0,15164.0,31724.0,34304.0,12115.0,16543.0,18098.0,11642,18280,19672
265,sat_UTI_d,260342,360.0,1078.0,1903.0,297.0,602.0,812.0,230.0,542.0,710.0,149,316,773
266,sat_UTI,1391257,974.0,3693.0,5888.0,1519.0,6182.0,7639.0,648.0,1297.0,2116.0,642,1281,1914
267,sat_UTI_p,1391257,1935.0,3155.0,5082.0,935.0,3155.0,6160.0,907.0,1654.0,2724.0,827,1654,2481
268,sat_2.0_d,151669,2376.0,3705.0,6121.0,2376.0,3344.0,5325.0,1588.0,1734.0,1973.0,14400,4786,8831
269,sat_2.0,2465731,81775.0,279655.0,322033.0,86725.0,270039.0,321533.0,79035.0,155119.0,171863.0,69266,147796,159061
270,sat_2.0_p,2465731,107679.0,302520.0,342687.0,107679.0,302520.0,342689.0,121891.0,235084.0,274486.0,103900,210240,248356
271,sat_4.0-9_d,96177,1544.0,2386.0,7050.0,1544.0,2383.0,7562.0,635.0,2185.0,3748.0,11060,10864,9122
272,sat_4.0-9,1814189,99027.0,218991.0,219712.0,120037.0,218795.0,227823.0,76155.0,132903.0,175517.0,67248,110395,128907
273,sat_4.0-9_p,1814189,89605.0,284477.0,315023.0,106003.0,243074.0,346006.0,74810.0,211503.0,286969.0,69702,138452,274366
274,192bit,13691,10184.0,21686.0,27783.0,10049.0,21310.0,27942.0,11915.0,12578.0,12634.0,7379,10457,11902
275,2cubes,101492,4200.0,12484.0,14402.0,4200.0,12484.0,14387.0,4272.0,8713.0,11623.0,3652,8112,10473
276,2D,54019,1025.0,2235.0,2316.0,1025.0,2235.0,2330.0,524.0,916.0,1291.0,463,860,1226
277,3D,292008,7099.0,24031.0,24941.0,7099.0,24031.0,24941.0,8393.0,14079.0,21558.0,6348,12696,19044
278,ABACUS,23412,328.0,791.0,1069.0,673.0,697.0,1066.0,262.0,558.0,788.0,208,430,628
279,af23560,23560,822.0,1360.0,2103.0,822.0,1360.0,3331.0,608.0,1216.0,1824.0,608,1216,1824
280,af_shell,504855,4065.0,6550.0,8445.0,5060.0,6240.0,9200.0,2285.0,4780.0,5285.0,1765,3640,4345
281,airfoil,14214,407.0,833.0,1210.0,407.0,721.0,1454.0,367.0,655.0,808.0,320,523,665
282,Andrews,60000,5971.0,12773.0,13631.0,5610.0,12138.0,12856.0,4051.0,6812.0,8703.0,4025,5704,7616
283,appu,14000,13869.0,27898.0,42.0,13869.0,27898.0,41632.0,13989.0,13988.0,13989.0,13957,13985,13999
284,as-22,22963,920.0,1286.0,2628.0,797.0,1483.0,2248.0,1027.0,1136.0,1374.0,1719,983,2167
285,astro,16046,4174.0,8817.0,11735.0,4174.0,8678.0,11735.0,3901.0,5299.0,5642.0,3703,4785,5393
286,atmos,1270432,19927.0,43428.0,59732.0,19927.0,49536.0,59732.0,17701.0,29399.0,34560.0,17168,22599,31883
287,av41092,41092,1820.0,2238.0,4182.0,1182.0,3370.0,3060.0,724.0,1342.0,1564.0,778,1044,1554
288,barrier,113076,8979.0,17490.0,22545.0,8979.0,17490.0,22938.0,8195.0,12495.0,14780.0,6974,10671,12587
289,Baumann,112211,2744.0,4318.0,6890.0,2744.0,4318.0,6890.0,2230.0,3715.0,4444.0,2222,2982,4137
290,bayer04,20545,127.0,209.0,263.0,85.0,203.0,284.0,96.0,97.0,161.0,53,106,157
291,bbmat,38744,1185.0,2242.0,4400.0,1196.0,2950.0,4251.0,1184.0,2112.0,3040.0,1140,2068,2996
292,bcsstk,13992,540.0,1083.0,1823.0,540.0,1083.0,1823.0,462.0,900.0,1278.0,360,726,1080
293,Ben,245874,2010.0,3648.0,6840.0,2010.0,3648.0,5502.0,1770.0,3294.0,4983.0,153228,34830,69171
294,bibd,1176,1003.0,1825.0,2596.0,1003.0,1825.0,2596.0,1109.0,1047.0,1112.0,1111,1144,1157
295,bips,15066,75.0,388.0,326.0,75.0,388.0,326.0,62.0,120.0,126.0,58,87,113
296,bloweya,30004,5038.0,8016.0,8742.0,5038.0,8044.0,8742.0,4958.0,6570.0,7544.0,4504,6066,6984
297,bundle,10581,1253.0,2766.0,4598.0,1253.0,2766.0,4598.0,1528.0,1779.0,3641.0,1327,1554,3192
298,c-55,32780,4465.0,8387.0,9438.0,4465.0,8387.0,9276.0,3917.0,5229.0,6408.0,3363,4951,5859
299,c-61,43618,2754.0,5022.0,5384.0,2754.0,5022.0,5440.0,2528.0,3561.0,3862.0,2175,2845,3428
300,c-64,51035,1194.0,7859.0,12347.0,1194.0,7859.0,12347.0,1384.0,7686.0,9368.0,860,6181,7509
301,CondMat,23133,5157.0,10105.0,12714.0,5669.0,10082.0,13516.0,4370.0,6179.0,6538.0,3868,5503,6518
302,cage10,11397,2491.0,5405.0,6838.0,2491.0,5396.0,6767.0,2432.0,4322.0,4502.0,2200,3421,4793
303,ccc,49152,109.0,3192.0,7479.0,75.0,4275.0,7625.0,0.0,7236.0,6678.0,0,4681,4096
304,cfd,70656,2316.0,4340.0,7067.0,2316.0,4340.0,7709.0,2126.0,2982.0,5165.0,1524,2256,3520
305,Chem97Zt,2541,35.0,72.0,75.0,35.0,72.0,75.0,0.0,0.0,0.0,122,34,84
306,circuit,12127,1349.0,2522.0,4290.0,1347.0,2487.0,4548.0,1394.0,1999.0,2626.0,1478,2872,3173
307,ckt,49702,186.0,623.0,987.0,176.0,2616.0,2459.0,203.0,687.0,749.0,116,219,582
308,cnr,247501,51.0,229.0,1391.0,51.0,229.0,1114.0,72.0,370.0,574.0,1899,855,2297
309,conf5_4,49152,0.0,9987.0,16110.0,0.0,9441.0,16110.0,0.0,13353.0,12288.0,0,12288,12288
310,copter,17222,1100.0,4151.0,2984.0,1100.0,4162.0,3548.0,1060.0,2064.0,2243.0,930,1652,1982
311,coupled,11341,2105.0,3926.0,4710.0,2105.0,3969.0,4710.0,1830.0,2564.0,3008.0,1715,2312,2906
312,crash,160000,2634.0,4770.0,8300.0,2634.0,4758.0,7526.0,2182.0,3652.0,4282.0,1704,2640,3184
313,cryg,10000,224.0,492.0,870.0,224.0,492.0,751.0,208.0,334.0,400.0,200,269,370
314,crystk,13965,1139.0,2567.0,4148.0,1121.0,2330.0,3818.0,1254.0,2301.0,3330.0,798,1596,2310
315,d_pretok,182730,3206.0,11488.0,13140.0,3206.0,11548.0,12430.0,2711.0,4762.0,6395.0,2074,4034,5506
316,dac11,935731,2237.0,6221.0,7249.0,2237.0,6221.0,7249.0,1528.0,3379.0,4572.0,1187,2179,3307
317,dac14,619815,6315.0,11068.0,19344.0,16190.0,11078.0,20857.0,4385.0,7202.0,8398.0,3953,5461,7589
318,dac16,697458,11067.0,17525.0,20960.0,11067.0,17525.0,20071.0,9133.0,13235.0,13594.0,7002,9393,12013
319,dac2,990899,6328.0,15570.0,16780.0,6328.0,15570.0,16780.0,4531.0,5602.0,8013.0,3296,4572,6113
320,dac3,898001,3372.0,11683.0,18277.0,3372.0,11683.0,14780.0,1517.0,6176.0,8881.0,3058,4727,7809
321,dac6,1006629,5739.0,8176.0,18772.0,5739.0,8176.0,18772.0,3760.0,7625.0,8138.0,2787,5567,7008
322,dac7,1340418,2665.0,5407.0,12140.0,2631.0,6639.0,10755.0,2265.0,4506.0,6262.0,1803,3877,5992
323,delta,68600,675.0,6575.0,5622.0,675.0,6575.0,5622.0,686.0,5203.0,5089.0,615,4782,4846
324,denormal,89400,1272.0,2874.0,3499.0,1272.0,2874.0,3690.0,1216.0,2000.0,2366.0,1192,1608,2166
325,dict,39327,0.0,962.0,3192.0,0.0,817.0,2951.0,0.0,953.0,2107.0,2169,2288,3825
326,diel,607232,13224.0,8766.0,34662.0,5174.0,21870.0,25186.0,3122.0,7736.0,17424.0,2512,5510,12034
327,cova2,65025,1171.0,3272.0,3549.0,1171.0,3272.0,3549.0,1009.0,1684.0,1967.0,765,1236,1521
328,ecl32,51993,1953.0,4502.0,6238.0,2493.0,4886.0,6522.0,1837.0,3467.0,4529.0,1831,3309,4187
329,Emilia,923136,27009.0,69285.0,84297.0,27009.0,69285.0,84297.0,28884.0,53394.0,68664.0,20286,41313,49956
330,epb1,14734,231.0,546.0,719.0,231.0,546.0,869.0,223.0,457.0,565.0,209,413,521
331,ESOC,327062,168815.0,315574.0,417563.0,176807.0,296018.0,422085.0,191750.0,235660.0,236455.0,153352,202528,232822
332,Eternity,7362,1058.0,1866.0,3145.0,1058.0,1866.0,4043.0,780.0,1116.0,1252.0,5176,3168,2404
333,ex19,12005,0.0,243.0,360.0,0.0,593.0,360.0,0.0,195.0,141.0,0,171,117
334,F2,71505,1116.0,7652.0,5804.0,2982.0,7652.0,7985.0,1545.0,2640.0,3429.0,888,2805,3213
335,fd18,16428,165.0,451.0,797.0,165.0,422.0,797.0,165.0,336.0,507.0,140,290,430
336,fem,74062,3698.0,7783.0,12291.0,3744.0,6961.0,9323.0,3319.0,3941.0,6480.0,2822,3552,5723
337,finan,74752,156.0,508.0,708.0,156.0,447.0,407.0,152.0,324.0,311.0,147,220,293
338,flower,27693,4799.0,9782.0,11898.0,5118.0,9005.0,13238.0,5096.0,7759.0,8133.0,4334,6175,7192
339,foldoc,13356,7038.0,12976.0,16761.0,7005.0,13113.0,16760.0,6746.0,8380.0,8532.0,6107,7685,8095
340,Franz,47104,23895.0,52930.0,54393.0,23943.0,50199.0,54864.0,24333.0,29987.0,30392.0,19000,27240,32690
341,G2,150102,791.0,1517.0,2252.0,791.0,1517.0,2252.0,763.0,1432.0,1647.0,780,1196,1404
342,g7jac,11790,824.0,2105.0,2409.0,856.0,1772.0,2478.0,964.0,1288.0,1527.0,720,1031,1293
343,garon,13535,812.0,1297.0,2270.0,812.0,1262.0,2672.0,577.0,938.0,1289.0,542,849,1258
344,gearbox,153746,1723.0,5998.0,7957.0,1723.0,5998.0,8514.0,280.0,2850.0,4236.0,272,2332,2432
345,gemat,4929,71.0,224.0,365.0,71.0,224.0,365.0,37.0,79.0,79.0,35,51,69
346,graphics,29493,558.0,1566.0,1518.0,558.0,1464.0,1518.0,438.0,633.0,927.0,414,570,774
347,gyro,17361,321.0,426.0,1032.0,321.0,1095.0,1032.0,129.0,381.0,693.0,117,378,537
348,H2O,67024,13952.0,31117.0,41698.0,13952.0,31399.0,41836.0,14405.0,21979.0,27854.0,11438,17786,21319
349,HEP,24541,4704.0,11993.0,15298.0,4411.0,13602.0,15340.0,4114.0,8068.0,9103.0,4906,8444,9293
350,HTC,226340,1983.0,8542.0,16291.0,1983.0,8955.0,16291.0,1698.0,3444.0,5461.0,1550,2832,5106
351,hvdc1,24842,113.0,285.0,477.0,113.0,285.0,504.0,65.0,109.0,113.0,62,80,106
352,IG5,30162,0.0,15302.0,14674.0,0.0,16423.0,17755.0,0.0,9791.0,13344.0,10621,16283,20947
353,Ill,20896,1312.0,2424.0,3316.0,1312.0,2424.0,3126.0,1310.0,1895.0,2520.0,1148,1572,2256
354,interp,232485,946.0,2264.0,2807.0,946.0,2264.0,2691.0,878.0,1658.0,1985.0,800,1555,1915
355,IMDB,303617,28488.0,73677.0,71961.0,25333.0,81631.0,79112.0,26161.0,48720.0,50365.0,23393,36985,40699
356,ibm01,14111,317.0,643.0,987.0,317.0,841.0,987.0,224.0,395.0,619.0,181,368,497
357,ibm02,19584,401.0,960.0,1652.0,401.0,960.0,1566.0,384.0,389.0,998.0,262,340,622
358,ibm03,27401,1430.0,2269.0,3561.0,1430.0,2269.0,3561.0,1098.0,1939.0,1931.0,969,1507,1704
359,ibm04,31970,597.0,1458.0,2418.0,597.0,1458.0,2418.0,635.0,1446.0,1826.0,536,1182,1761
360,ibm05,28446,2397.0,6629.0,6001.0,2397.0,6193.0,6001.0,1874.0,3277.0,3504.0,1756,2654,3115
361,ibm06,34826,1133.0,1678.0,2550.0,1104.0,2631.0,2759.0,1027.0,1400.0,1818.0,907,1257,1710
362,ibm07,48117,1098.0,2738.0,4344.0,1817.0,3059.0,3778.0,987.0,2178.0,2292.0,914,1782,2364
363,ibm08,50513,1303.0,2590.0,3664.0,1303.0,2590.0,3664.0,1297.0,2328.0,2741.0,1143,2275,2434
364,ibm09,60902,1136.0,2101.0,3740.0,1128.0,2770.0,3139.0,679.0,1546.0,1812.0,638,1368,1748
365,ibm10,75196,2436.0,4722.0,5384.0,2004.0,4130.0,5297.0,1723.0,2360.0,2884.0,1289,1962,2440
366,ibm11,81454,1267.0,2530.0,4341.0,1267.0,2530.0,4341.0,1195.0,2116.0,2929.0,960,1826,2387
367,ibm12,77240,2389.0,4772.0,5959.0,2389.0,4772.0,5959.0,2233.0,3104.0,4821.0,2088,2925,3893
368,ibm13,99666,1451.0,3676.0,3826.0,1444.0,3676.0,3514.0,961.0,1884.0,2160.0,868,1232,1776
369,ibm14,152772,2960.0,5639.0,6476.0,3457.0,5639.0,7322.0,2531.0,3128.0,4182.0,1906,2870,3314
370,ibm15,186608,3981.0,10255.0,8365.0,3981.0,10250.0,8367.0,2976.0,5407.0,5714.0,2657,4225,5335
371,ibm16,190048,3167.0,5735.0,7387.0,3167.0,5735.0,7655.0,2043.0,3909.0,4871.0,1758,3802,3906
372,kim1,38415,1254.0,2440.0,2707.0,1254.0,2568.0,2734.0,964.0,1634.0,1930.0,772,1248,1536
373,kkt,2063494,15505.0,41826.0,39353.0,15505.0,56341.0,39907.0,29389.0,25444.0,20701.0,12066,14316,22358
374,duct3D,67173,3505.0,7693.0,12806.0,3505.0,7693.0,12806.0,2768.0,6049.0,7405.0,1866,3732,4948
375,lhr14,14270,174.0,570.0,485.0,174.0,570.0,372.0,127.0,253.0,316.0,97,162,254
376,li,22695,3463.0,9113.0,13207.0,3463.0,8936.0,13569.0,3033.0,5733.0,6566.0,1978,4004,6318
377,tissue,29282,626.0,944.0,1354.0,626.0,1190.0,1388.0,556.0,876.0,1066.0,484,798,954
378,Lin,256000,6960.0,12465.0,15767.0,6960.0,12394.0,16583.0,6430.0,10406.0,12682.0,6400,8294,12314
379,lp_nug,15240,12825.0,24958.0,33175.0,12825.0,24958.0,33175.0,11536.0,12780.0,11536.0,5911,9438,11650
380,lp_pds,33798,1096.0,2505.0,4012.0,1113.0,2893.0,4387.0,700.0,1878.0,2256.0,700,1509,2120
381,lung,109460,28.0,120.0,124.0,28.0,120.0,124.0,4.0,22.0,30.0,4,12,16
382,m14b,214765,2039.0,6295.0,9654.0,2039.0,6335.0,9771.0,2080.0,4373.0,7203.0,1821,3820,6100
383,mac,206500,402.0,1333.0,1616.0,402.0,1333.0,1616.0,315.0,636.0,959.0,306,612,918
384,Maragal,21251,2510.0,4543.0,6410.0,2510.0,4544.0,6410.0,2535.0,2226.0,3194.0,2090,2090,2124
385,mc2depi,525825,1003.0,2239.0,4633.0,1820.0,3012.0,4336.0,962.0,1978.0,2943.0,769,1538,2307
386,mixtank,29957,3869.0,8200.0,14588.0,4108.0,14506.0,13149.0,3685.0,6389.0,7603.0,2943,4362,5303
387,mono,169410,11031.0,24923.0,31284.0,11031.0,24923.0,31284.0,8498.0,13256.0,16965.0,7569,11839,14981
388,mri1,65536,561.0,1248.0,1300.0,561.0,1248.0,1300.0,505.0,845.0,1020.0,487,745,924
389,msc,10848,1785.0,3729.0,4413.0,1785.0,3729.0,5133.0,1236.0,2010.0,2679.0,10683,6321,5853
390,msdoor,415863,2128.0,4739.0,6006.0,2128.0,4739.0,6006.0,2114.0,3941.0,4851.0,1645,3129,4130
391,mult_dcop,25187,11399.0,18814.0,24959.0,11865.0,19655.0,25103.0,11215.0,14837.0,16818.0,10021,13618,15678
392,nasasrb,54870,934.0,1955.0,4432.0,934.0,3176.0,5381.0,730.0,1449.0,2183.0,540,1080,1620
393,nd12k,36000,12667.0,27219.0,38423.0,12667.0,26531.0,38423.0,12385.0,17044.0,19522.0,36000,15820,36000
394,net100,29920,10294.0,33546.0,32267.0,10294.0,33496.0,32082.0,15002.0,16417.0,17114.0,13018,18999,19956
395,nopoly,10774,74.0,243.0,236.0,72.0,229.0,210.0,62.0,117.0,150.0,50,102,118
396,actors,383640,12372.0,26511.0,28113.0,12372.0,26343.0,28826.0,12077.0,17930.0,21054.0,12715,16034,18993
397,www,137941,13.0,1160.0,732.0,13.0,796.0,732.0,3.0,511.0,1855.0,562,762,2542
398,obstclae,40000,420.0,1191.0,1382.0,420.0,1229.0,1382.0,408.0,650.0,778.0,396,540,771
399,olafu,16146,947.0,2461.0,3467.0,947.0,2461.0,3467.0,816.0,1084.0,1512.0,768,1020,1224
400,opt1,15449,2193.0,5114.0,6385.0,1980.0,5568.0,5828.0,1672.0,2948.0,3554.0,15291,8850,8952
401,Oregon,11174,482.0,835.0,1561.0,482.0,835.0,1561.0,412.0,613.0,783.0,718,889,859
402,p2p,6221,3679.0,7039.0,9250.0,3664.0,6898.0,9142.0,3737.0,3984.0,3716.0,2829,3713,4090
403,para,153226,10120.0,21504.0,22307.0,11045.0,17812.0,25524.0,7717.0,12442.0,14930.0,6053,10021,13199
404,parabolic,525825,1330.0,3664.0,4830.0,1374.0,3320.0,5684.0,1112.0,2246.0,3458.0,1026,2052,2972
405,Pd,4371,0.0,0.0,0.0,0.0,0.0,0.0,0.0,0.0,0.0,0,0,0
406,pdb,36417,2940.0,5795.0,6977.0,2940.0,5243.0,7004.0,2406.0,3363.0,4653.0,13526,15834,11277
407,pds,142596,1192.0,4420.0,5110.0,1192.0,4420.0,5110.0,1633.0,3543.0,5011.0,2962,3672,4064
408,pesa,11738,109.0,367.0,322.0,109.0,404.0,322.0,79.0,146.0,191.0,70,111,166
409,PGP,10680,449.0,1154.0,1228.0,440.0,1208.0,1206.0,384.0,588.0,607.0,353,496,643
410,pkustk,87804,3114.0,6780.0,13812.0,3114.0,6780.0,13812.0,3264.0,5508.0,6732.0,2904,5094,5508
411,poisson3D,85623,5245.0,11716.0,15986.0,5245.0,11716.0,16729.0,4746.0,7949.0,9727.0,4365,6651,8668
412,poli3,16955,108.0,321.0,462.0,108.0,321.0,462.0,109.0,140.0,164.0,115,126,181
413,powersim,15838,56.0,197.0,320.0,56.0,197.0,320.0,9.0,17.0,53.0,9,15,39
414,pre2,659033,4721.0,9389.0,15645.0,4721.0,9389.0,15645.0,3542.0,6582.0,10650.0,3120,5628,8112
415,Pres,14822,646.0,2028.0,1970.0,646.0,2028.0,1970.0,506.0,1100.0,1460.0,408,816,1176
416,psse2,28634,150.0,380.0,506.0,150.0,380.0,506.0,98.0,214.0,294.0,80,182,232
417,qa8fk,66127,968.0,5360.0,8922.0,968.0,5067.0,8425.0,846.0,5963.0,6384.0,670,4048,4718
418,rajat,51032,40.0,364.0,327.0,40.0,241.0,327.0,27.0,98.0,162.0,27,159,163
419,Reuters,13314,5574.0,11566.0,14611.0,5574.0,11782.0,14611.0,7827.0,7310.0,7814.0,3247,5144,6419
420,RFdevice,74104,2118.0,3665.0,5690.0,2118.0,3641.0,5690.0,2034.0,3460.0,4054.0,1743,2988,3437
421,rgg,262141,1294.0,3520.0,2932.0,1294.0,3400.0,2846.0,980.0,1515.0,1842.0,895,1448,1749
422,rim,22560,544.0,853.0,1817.0,544.0,2111.0,1817.0,436.0,657.0,951.0,382,575,766
423,rma,46835,521.0,2049.0,2238.0,534.0,2081.0,2549.0,483.0,778.0,1106.0,374,750,1700
424,Rucci,1977885,44255.0,105714.0,116635.0,56507.0,113110.0,118625.0,32943.0,62480.0,73071.0,32706,51129,71208
425,s4dkt,90449,1458.0,3363.0,3912.0,1458.0,3363.0,5793.0,1350.0,2736.0,3414.0,1206,2316,3060
426,scfxm,37980,991.0,1892.0,2039.0,991.0,1892.0,2039.0,991.0,1351.0,1530.0,936,1274,1451
427,scircuit,170998,77.0,1336.0,1032.0,64.0,476.0,1289.0,45.0,250.0,288.0,42,145,298
428,shallow,81920,794.0,1753.0,2583.0,794.0,1753.0,2119.0,777.0,1201.0,1529.0,640,1021,1326
429,sherman,18510,6374.0,10609.0,17909.0,6374.0,10609.0,17945.0,5547.0,8053.0,9548.0,4875,7125,8360
430,ship,34920,1566.0,8424.0,5316.0,1584.0,5496.0,7977.0,1164.0,2406.0,3888.0,31518,21434,21975
431,shock,36476,274.0,1033.0,1100.0,407.0,1206.0,1581.0,248.0,485.0,628.0,212,395,514
432,shyy,76480,339.0,906.0,1093.0,339.0,906.0,1083.0,160.0,160.0,686.0,160,160,627
433,skirt,12598,60.0,190.0,110.0,60.0,172.0,110.0,12.0,47.0,106.0,12,32,54
434,sme3D,29067,1068.0,9711.0,7338.0,1068.0,7236.0,7308.0,498.0,2424.0,4047.0,432,2406,3537
435,soc-sign,95318,1405.0,13977.0,13771.0,1405.0,13977.0,14383.0,3985.0,16509.0,15744.0,4751,9085,12749
436,sparsine,50000,20498.0,37476.0,50169.0,20498.0,37476.0,50099.0,18630.0,25728.0,30163.0,17262,24400,29418
437,spmsrtls,29995,120.0,1261.0,348.0,120.0,1261.0,348.0,6.0,12.0,18.0,6,12,18
438,std1_Jac3,21982,1449.0,5261.0,4933.0,1449.0,5618.0,3930.0,1688.0,3268.0,3791.0,3835,4676,4487
439,stokes,49666,976.0,1699.0,3477.0,976.0,1699.0,3155.0,789.0,1464.0,1662.0,644,1089,1279
440,ted_A,10605,138.0,812.0,600.0,138.0,812.0,600.0,84.0,213.0,273.0,84,168,252
441,TF16,15437,5291.0,14584.0,18949.0,5575.0,12302.0,17679.0,5423.0,8429.0,9910.0,4647,7861,9729
442,thermal,82654,346.0,714.0,1010.0,354.0,1351.0,1842.0,304.0,553.0,852.0,247,497,740
443,therm,102158,338.0,1004.0,1483.0,927.0,828.0,2105.0,314.0,681.0,980.0,277,572,848
444,tmt,917825,2430.0,9643.0,7084.0,2414.0,9638.0,7389.0,2270.0,3694.0,4572.0,1525,2458,3048
445,tomogra,45908,3514.0,5961.0,8502.0,3514.0,6015.0,8159.0,2306.0,3582.0,5044.0,1922,3269,4402
446,torso,259156,7994.0,12568.0,18124.0,7994.0,12568.0,18104.0,7374.0,11135.0,12971.0,5762,7169,10048
447,Trec,3159,3079.0,5558.0,8432.0,3079.0,5558.0,8432.0,2996.0,3052.0,3004.0,3157,3157,3157
448,Trefe,20000,16930.0,35549.0,48654.0,17375.0,36293.0,47650.0,16337.0,18991.0,19048.0,13472,16811,18148
449,TSOPF,30798,14083.0,25516.0,26661.0,14083.0,24955.0,27200.0,8667.0,11040.0,12387.0,7575,11897,11073
450,us04,163,91.0,170.0,0.0,91.0,170.0,276.0,82.0,90.0,100.0,144,143,150
451,usroads,129164,220.0,433.0,553.0,244.0,412.0,792.0,107.0,268.0,333.0,79,176,248
452,venkat,62424,888.0,1356.0,2536.0,888.0,1860.0,2496.0,652.0,1148.0,1504.0,552,972,1328
453,vibro,12328,2933.0,7405.0,8742.0,2933.0,7292.0,8742.0,2530.0,3888.0,4779.0,1990,3308,3796
454,plastic,32769,1714.0,3694.0,4550.0,1773.0,4201.0,5742.0,1619.0,2784.0,3164.0,1519,2433,2958
455,rocks,37762,482.0,2796.0,3048.0,482.0,2796.0,3048.0,432.0,846.0,1334.0,326,652,978
456,wave3D,21036,329.0,1125.0,1901.0,769.0,1467.0,2401.0,316.0,742.0,1365.0,278,638,1050
457,wathen120,36441,666.0,1401.0,2762.0,929.0,1791.0,2726.0,638.0,1189.0,1418.0,503,873,1098
458,water,60740,4883.0,8074.0,11115.0,4670.0,7363.0,9952.0,4797.0,5732.0,8243.0,3026,4371,5974
459,wang4,26068,2003.0,4885.0,4548.0,2003.0,4169.0,5656.0,1740.0,2834.0,3312.0,1740,2051,2953
460,xenon,157464,4314.0,9348.0,14132.0,4213.0,11295.0,12555.0,3758.0,7853.0,9187.0,2994,5963,7527
461,Zhao,33861,728.0,1606.0,2425.0,728.0,1606.0,2425.0,730.0,1466.0,1840.0,614,1234,1593
462,G67,10000,0.0,579.0,477.0,0.0,475.0,477.0,0.0,386.0,406.0,0,300,400
463,af101,503625,4405.0,6835.0,11110.0,4405.0,6835.0,11110.0,1820.0,3915.0,5735.0,1700,3400,5100
464,eco1,1000000,2899.0,4304.0,6234.0,2899.0,4304.0,7675.0,2078.0,3497.0,4259.0,2000,2694,3706
465,ibm18,201920,2385.0,4392.0,6299.0,2385.0,4392.0,5836.0,2146.0,3115.0,3492.0,1651,2515,3031
466,ibm17,189581,3130.0,9149.0,9404.0,3080.0,7592.0,8568.0,2788.0,5125.0,6555.0,2249,5216,5414
467,web1M,1000005,624.0,3640.0,3137.0,624.0,3603.0,3556.0,642.0,2243.0,2675.0,868,2157,2644
468,nl120,3542400,98010.0,178681.0,227285.0,98010.0,178681.0,225383.0,88850.0,144612.0,170546.0,2644,2644,2644
469,sat_p,13378010,350004.0,1512276.0,1946154.0,,,,362372.0,1098255.0,1647550.0,segfault,segfault,segfault
470,wbedu,6920306,13853.0,58006.0,81358.0,13853.0,58006.0,81358.0,13321.0,51457.0,62552.0,75027,,
471,Stanf,261588,216.0,503.0,3114.0,216.0,498.0,2926.0,108.0,216.0,507.0,1478,997,2226
472,gene2,14340,12687.0,25627.0,37915.0,12687.0,25627.0,37915.0,11758.0,13276.0,13333.0,11965,12931,13193
473,Hamr3,1447360,2546.0,7755.0,15758.0,2573.0,8465.0,18279.0,1750.0,5992.0,5442.0,1280,4390,3840
474,StocF,1465137,7992.0,53204.0,18299.0,7992.0,34392.0,24001.0,5941.0,23354.0,12744.0,4688,16383,9653
475,lang,399130,21286.0,35180.0,48254.0,21286.0,35180.0,48239.0,19958.0,31159.0,31121.0,12522,18320,21053
476,kron,55321,17055.0,40373.0,57308.0,17055.0,40373.0,56913.0,37983.0,30705.0,37973.0,11563,18960,24824
477,case39,40216,14069.0,21639.0,32759.0,12734.0,22176.0,33363.0,10959.0,14681.0,15960.0,9067,12207,14077
478,dac9,833808,4504.0,6140.0,10528.0,4504.0,6140.0,10528.0,2352.0,4322.0,5606.0,3322,4210,4814
479,dac12,1293436,9848.0,16430.0,21318.0,9848.0,16430.0,21318.0,5986.0,9555.0,11496.0,5227,7586,9694
480,dac19,511685,1686.0,4687.0,7790.0,3082.0,38428.0,12421.0,1434.0,4069.0,5371.0,1058,2572,3751
481,tran4,116835,55401.0,120772.0,93931.0,55401.0,120772.0,93931.0,55808.0,75290.0,85693.0,51573,69739,80534
482,Cheb4,68121,1426.0,5673.0,3268.0,1426.0,5673.0,3268.0,1044.0,3592.0,3714.0,1092,2812,2120
483,sat_d,521147,8832.0,14673.0,29749.0,15394.0,23366.0,32498.0,5689.0,7666.0,15845.0,2120,2120,2120
484,HV15R,2017169,70635.0,259469.0,293552.0,70635.0,259469.0,293552.0,63914.0,146641.0,177219.0,2120,2120,2120
485,gupta2,62064,18016.0,45173.0,63914.0,34403.0,52391.0,64257.0,18540.0,32688.0,38231.0,18160,29284,33339
486,ASIC,682862,341886.0,665941.0,640654.0,341886.0,657895.0,640654.0,329317.0,453659.0,510559.0,33339,33339,33339
487,ASIC320k,321821,174996.0,300203.0,361491.0,174996.0,300203.0,361491.0,155777.0,212619.0,240011.0,146003,197271,226376
488,wiki-Talk,147602,8705.0,12769.0,18161.0,8705.0,12769.0,18161.0,906.0,9581.0,10577.0,11050,10709,11592
489,com-Youtube,1134890,86986.0,158782.0,225188.0,83205.0,176457.0,223109.0,113567.0,145970.0,120716.0,,,
490,Freescal,3428755,2881.0,3859.0,4824.0,2881.0,3932.0,4853.0,1015.0,2099.0,2365.0,731,1558,1608
491,roadNet-CA,1965206,573.0,1250.0,1640.0,573.0,1250.0,1728.0,263.0,471.0,900.0,235,382,629
492,delaunay23,8388608,9123.0,15578.0,21036.0,9123.0,15780.0,21647.0,6088.0,10113.0,12204.0,629,629,629
493,coPapersDBLP,540486,205990.0,396755.0,567831.0,205244.0,397934.0,561979.0,161100.0,212471.0,220630.0,177536,228140,236128
494,dc1,116835,55401.0,120772.0,93931.0,55401.0,120772.0,93931.0,55808.0,75290.0,85693.0,51598,69797,79646
495,channel,4802000,28343.0,112361.0,95837.0,28343.0,112361.0,95837.0,29432.0,59250.0,92006.0,79646,79646,79646
496,as-Skitter,1696415,178517.0,350915.0,369261.0,178517.0,350915.0,369261.0,135110.0,172653.0,201739.0,79646,79646,79646
497,ASIC_100k,99340,50699.0,84464.0,105272.0,50699.0,84464.0,105272.0,48844.0,66746.0,74868.0,45289,61381,70295
498,dc2,116835,55401.0,120772.0,93931.0,55401.0,120772.0,93931.0,55808.0,75290.0,85693.0,51511,69787,79603
499,tran5,116835,55401.0,120772.0,93931.0,55401.0,120772.0,93931.0,55808.0,75290.0,85693.0,51722,69874,80532
45,sat_bug8_p,0,,,,354839.0,354839.0,354839.0,,,,,,
469,sat_p,0,,,,225383.0,225383.0,225383.0,,,,,,
489,com-Youtube,0,,,,,,,,,,101927,102990,133839
