dataset,HNs,HEs,pins,avgHEsize,sdHEsize,sd/avg,minHEsize,maxHEsize,avgHNdegree,sdHNdegree,minHnDegree,maxHnDegree,best_matching_pattern,best_merging_pattern,best_construction_pattern
sat_10pipe_d,2082017,77639,6164595,79.4008,337.048,4.244894258,2,9334,2.96088,8.16733,1,263,P3,P3,P2b
sat_10pipe,155278,2082017,6164595,2.96088,8.16733,2.758413039,1,263,39.7004,169.863,1,4672,P3,P1,P3
sat_10pipe_p,77639,2082017,6164595,2.96088,8.16733,2.758413039,1,263,79.4008,337.048,2,9334,P1,P1,P3
sat_11pipe_d,5584003,89315,16593705,185.789,1696.43,9.130949626,2,57073,2.97165,10.2835,1,295,P3,P3,P2b
sat_11pipe,178630,5584003,16593705,2.97165,10.2835,3.460535393,1,295,92.8943,849.198,1,28538,P3,P1,P3
sat_11pipe_p,89315,5584003,16593705,2.97165,10.2835,3.460535393,1,295,185.789,1696.43,2,57073,P1,P1,P3
sat_11pipe_kd,3007883,104244,8917203,85.5416,389.935,4.558425374,2,11635,2.96461,8.73463,1,306,P3,P3,P2b
sat_11pipe_k,208488,3007883,8917203,2.96461,8.73463,2.946299851,1,306,42.7708,196.39,1,5823,P3,P1,P3
sat_11pipe_kp,104244,3007883,8917203,2.96461,8.73463,2.946299851,1,306,85.5416,389.935,2,11635,P1,P1,P3
sat_6s10_d,99184,33900,231428,6.82678,16.7094,2.447625381,4,2652,2.33332,0.471421,1,3,P3,P3,P3
sat_6s10,67800,99184,231428,2.33332,0.471421,0.202038726,1,3,3.41339,8.36926,1,1326,P3,P1,P3
sat_6s10_p,33900,99184,231428,2.33332,0.471421,0.202038726,1,3,6.82678,16.7094,4,2652,P1,P1,P3
sat_6s11_d,97312,33276,227060,6.82354,15.9019,2.330447246,2,2552,2.33332,0.471421,1,3,P3,P3,P3
sat_6s11,66552,97312,227060,2.33332,0.471421,0.202038726,1,3,3.41177,7.96625,1,1276,P3,P1,P2
sat_6s11_p,33276,97312,227060,2.33332,0.471421,0.202038726,1,3,6.82354,15.9019,2,2552,P3,P3,P3
sat_6s12_d,99580,34033,232352,6.82726,16.6884,2.444377393,4,2652,2.33332,0.471421,1,3,P3,P2,P2b
sat_6s12,68066,99580,232352,2.33332,0.471421,0.202038726,1,3,3.41363,8.3588,1,1326,P3,P1,P2
sat_6s12_p,34033,99580,232352,2.33332,0.471421,0.202038726,1,3,6.82726,16.6884,4,2652,P3,P1,P3
sat_130_d,144361,49327,336841,6.82873,13.0861,1.916329976,2,2126,2.33332,0.471416,1,3,P3,P2,P3
sat_130,98654,144361,336841,2.33332,0.471416,0.202036583,1,3,3.41437,6.56166,1,1063,P1,P1,P3
sat_130_p,49327,144361,336841,2.33332,0.471416,0.202036583,1,3,6.82873,13.0861,2,2126,P3,P1,P3
sat_131_d,144226,49282,336526,6.82858,13.0779,1.915171236,2,2122,2.33332,0.471416,1,3,P3,P2,P3
sat_131,98564,144226,336526,2.33332,0.471416,0.202036583,1,3,3.41429,6.55757,1,1061,P3,P1,P3
sat_131_p,49282,144226,336526,2.33332,0.471416,0.202036583,1,3,6.82858,13.0779,2,2122,P3,P1,P3
sat_133_d,140968,48215,328924,6.82203,16.3221,2.39255764,4,2912,2.33332,0.471416,1,3,P3,P3,P3
sat_133,96430,140968,328924,2.33332,0.471416,0.202036583,1,3,3.41101,8.17595,1,1456,P3,P1,P3
sat_133_p,48215,140968,328924,2.33332,0.471416,0.202036583,1,3,6.82203,16.3221,4,2912,P3,P1,P3
sat_153_d,245440,85646,572692,6.68673,11.6351,1.740028385,4,2048,2.33333,0.471411,1,3,P3,P3,P3
sat_153,171292,245440,572692,2.33333,0.471411,0.202033574,1,3,3.34337,5.83802,1,1024,P1,P1,P2
sat_153_p,85646,245440,572692,2.33333,0.471411,0.202033574,1,3,6.68673,11.6351,4,2048,P3,P1,P2
sat_16_d,91888,31483,214404,6.81015,17.3005,2.540399257,4,2692,2.33332,0.471422,1,3,P3,P2,P2
sat_16,62966,91888,214404,2.33332,0.471422,0.202039155,1,3,3.40508,8.6643,1,1346,P3,P1,P3
sat_16_p,31483,91888,214404,2.33332,0.471422,0.202039155,1,3,6.81015,17.3005,4,2692,P1,P1,P2
sat_184_d,97516,33365,227536,6.8196,16.9067,2.479133674,4,2696,2.33332,0.471421,1,3,P3,P2,P3
sat_184,66730,97516,227536,2.33332,0.471421,0.202038726,1,3,3.4098,8.46772,1,1348,P1,P1,P3
sat_184_p,33365,97516,227536,2.33332,0.471421,0.202038726,1,3,6.8196,16.9067,4,2696,P1,P1,P2
sat_9_d,100384,34317,234228,6.82542,16.8247,2.465005816,4,2696,2.33332,0.471421,1,3,P3,P3,P2b
sat_9,68634,100384,234228,2.33332,0.471421,0.202038726,1,3,3.41271,8.42683,1,1348,P1,P1,P2
sat_9_p,34317,100384,234228,2.33332,0.471421,0.202038726,1,3,6.82542,16.8247,4,2696,P3,P1,P3
sat_9dlx_d,968295,69789,2788367,39.9542,224.993,5.631272807,2,23380,2.87967,5.434,1,110,P3,P3,P2b
sat_9dlx,139578,968295,2788367,2.87967,5.434,1.887021777,1,110,19.9771,112.962,1,11692,P3,P1,P3
sat_9dlx_p,69789,968295,2788367,2.87967,5.434,1.887021777,1,110,39.9542,224.993,2,23380,P1,P1,P3
sat_bug7,1042294,13378010,39203144,2.93042,8.64884,2.951399458,1,6689,37.6124,540.627,1,110469,P3,P1,P3
sat_bug8_d,13378617,521179,39204907,75.2235,1079.83,14.35495557,2,220932,2.93042,8.6488,1,6689,P3,P3,P2b
sat_bug8,1042358,13378617,39204907,2.93042,8.6488,2.951385808,1,6689,37.6117,540.612,1,110469,P3,P1,P3
sat_bug8_p,521179,13378617,39204907,2.93042,8.6488,2.951385808,1,6689,75.2235,1079.83,2,220932,P3,P1,P2
sat_aaai_d,308235,53919,690466,12.8056,10.0868,0.787686637,3,73,2.24006,1.88438,1,61,P3,P1,P3
sat_aaai,107838,308235,690466,2.24006,1.88438,0.841218539,1,61,6.40281,6.23005,1,67,P1,P1,P3
sat_aaai_p,53919,308235,690466,2.24006,1.88438,0.841218539,1,61,12.8056,10.0868,3,73,P3,P1,P2
sat_ACG_10p_d,1632906,381708,3841867,10.0649,8.75687,0.870040438,4,62,2.35278,0.916706,1,10,P3,P1,P2
sat_ACG_10p,763416,1632906,3841867,2.35278,0.916706,0.389626739,1,10,5.03247,4.85864,1,43,P3,P1,P3
sat_ACG_10p_p,381708,1632906,3841867,2.35278,0.916706,0.389626739,1,10,10.0649,8.75687,4,62,P3,P1,P2
sat_ACG_5p0_d,1390931,324716,3269132,10.0677,8.76748,0.87085233,4,62,2.35032,0.922549,1,10,P3,P1,P3
sat_ACG_5p0,649432,1390931,3269132,2.35032,0.922549,0.392520593,1,10,5.03383,4.87252,1,43,P3,P1,P3
sat_ACG_5p0_p,324716,1390931,3269132,2.35032,0.922549,0.392520593,1,10,10.0677,8.76748,4,62,P3,P1,P3
sat_ACG_5p1_d,1416850,331196,3333531,10.0651,8.75811,0.870146347,4,62,2.35278,0.916744,1,10,P3,P1,P3
sat_ACG_5p1,662392,1416850,3333531,2.35278,0.916744,0.389642891,1,10,5.03257,4.85925,1,43,P3,P1,P3
sat_ACG_5p1_p,331196,1416850,3333531,2.35278,0.916744,0.389642891,1,10,10.0651,8.75811,4,62,P3,P1,P3
sat_01_d,28770,7502,76290,10.1693,13.742,1.351322117,4,848,2.65172,5.13118,1,847,P3,P2,P3
sat_01,15004,28770,76290,2.65172,5.13118,1.93503839,1,847,5.08464,8.51566,2,846,P3,P3,P3
sat_01_p,7502,28770,76290,2.65172,5.13118,1.93503839,1,847,10.1693,13.742,4,848,P3,P3,P3
sat_27_d,29194,7729,77124,9.97852,38.7288,3.881216854,4,3246,2.64178,1.42869,1,201,P3,P3,P3
sat_27,15458,29194,77124,2.64178,1.42869,0.54080582,1,201,4.98926,19.4158,2,1623,P3,P3,P2
sat_27_p,7729,29194,77124,2.64178,1.42869,0.54080582,1,201,9.97852,38.7288,4,3246,P3,P3,P3
sat_enc1_opt1_05_d,561784,59517,2167217,36.4134,135.808,3.72961602,2,1031,3.85774,1.56434,1,11,P3,P3,P2b
sat_enc1_opt1_05,118700,561784,2167217,3.85774,1.56434,0.405506851,1,11,18.2579,70.5324,1,517,P3,P1,P3
sat_enc1_opt1_05_p,59517,561784,2167217,3.85774,1.56434,0.405506851,1,11,36.4134,135.808,2,1031,P1,P1,P2
sat_enc1_opt1_10_d,270831,46993,922875,19.6386,70.0636,3.567647388,2,979,3.40757,1.60693,1,11,P2,P3,P3
sat_enc1_opt1_10,93632,270831,922875,3.40757,1.60693,0.471576519,1,11,9.85641,38.8659,1,513,P1,P1,P2
sat_enc1_opt1_10_p,46993,270831,922875,3.40757,1.60693,0.471576519,1,11,19.6386,70.0636,2,979,P1,P1,P2
sat_enc1_opt1_15_d,644099,61642,2385303,38.6961,132.336,3.419879523,2,1031,3.70332,1.51785,1,11,P3,P3,P2b
sat_enc1_opt1_15,122885,644099,2385303,3.70332,1.51785,0.409861962,1,11,19.4109,69.0889,1,517,P1,P1,P3
sat_enc1_opt1_15_p,61642,644099,2385303,3.70332,1.51785,0.409861962,1,11,38.6961,132.336,2,1031,P3,P1,P3
sat_enc1_opt2_4_d,386163,14636,1652800,112.927,248.398,2.199633391,1,1031,4.28006,1.36431,1,15,P3,P3,P2b
sat_enc1_opt2_4,28738,386163,1652800,4.28006,1.36431,0.31875955,1,15,57.5127,130.721,1,520,P3,P1,P3
sat_enc1_opt2_4_p,14636,386163,1652800,4.28006,1.36431,0.31875955,1,15,112.927,248.398,1,1031,P1,P1,P2
sat_enc1_opt2_12_d,147853,9495,618608,65.1509,143.223,2.198327268,1,979,4.18394,1.58659,1,11,P3,P3,P2b
sat_enc1_opt2_12,18634,147853,618608,4.18394,1.58659,0.379209549,1,11,33.1978,81.2464,1,520,P3,P1,P2
sat_enc1_opt2_12_p,9495,147853,618608,4.18394,1.58659,0.379209549,1,11,65.1509,143.223,1,979,P1,P1,P2
sat_enc1_opt2_16_d,152744,9643,641139,66.4875,142.597,2.144718932,1,979,4.19747,1.58224,1,11,P3,P2,P2
sat_enc1_opt2_16,18930,152744,641139,4.19747,1.58224,0.376950878,1,11,33.8689,80.8318,1,520,P1,P1,P2
sat_enc1_opt2_16_p,9643,152744,641139,4.19747,1.58224,0.376950878,1,11,66.4875,142.597,1,979,P3,P1,P3
sat_enc2_opt1_05_d,526872,56533,2097393,37.1003,139.375,3.756708167,2,1031,3.98084,1.53801,1,11,P3,P3,P2b
sat_enc2_opt1_05,112732,526872,2097393,3.98084,1.53801,0.386353131,1,11,18.6051,72.3771,1,517,P3,P1,P3
sat_enc2_opt1_05_p,56533,526872,2097393,3.98084,1.53801,0.386353131,1,11,37.1003,139.375,2,1031,P1,P1,P2
sat_enc2_opt1_15_d,580963,58752,2227755,37.9179,134.9,3.557686475,2,1031,3.83459,1.53366,1,11,P3,P3,P2b
sat_enc2_opt1_15,117116,580963,2227755,3.83459,1.53366,0.399954102,1,11,19.0218,70.2946,1,517,P3,P1,P3
sat_enc2_opt1_15_p,58752,580963,2227755,3.83459,1.53366,0.399954102,1,11,37.9179,134.9,2,1031,P1,P1,P2
sat_enc3_opt1_50_d,6429816,1613160,16042866,9.94499,34.4855,3.467625407,1,1024,2.49507,0.531918,1,15,P3,P1,P2
sat_enc3_opt1_50,3226318,6429816,16042866,2.49507,0.531918,0.213187606,1,15,4.9725,17.2487,1,513,P1,P1,P3
sat_enc3_opt1_50_p,1613160,6429816,16042866,2.49507,0.531918,0.213187606,1,15,9.94499,34.4855,1,1024,P1,P1,P3
sat_enc3_opt2_21_d,5933456,1484061,14805254,9.97618,33.533,3.361306632,1,733,2.49522,0.503224,1,15,P3,P3,P3
sat_enc3_opt2_21,2968120,5933456,14805254,2.49522,0.503224,0.201675203,1,15,4.98809,16.7719,1,368,P3,P1,P3
sat_enc3_opt2_21_p,1484061,5933456,14805254,2.49522,0.503224,0.201675203,1,15,9.97618,33.533,1,733,P1,P1,P3
sat_enc3_opt2_12_d,4932603,1236271,12310782,9.958,33.3657,3.350642699,1,783,2.4958,0.501383,1,10,P3,P1,P3
sat_enc3_opt2_12,2472540,4932603,12310782,2.4958,0.501383,0.200890696,1,10,4.979,16.6868,1,393,P1,P1,P3
sat_enc3_opt2_12_p,1236271,4932603,12310782,2.4958,0.501383,0.200890696,1,10,9.958,33.3657,1,783,P3,P1,P3
sat_enc3_opt2_14_d,4950217,1240678,12354810,9.95811,33.3503,3.349059209,1,783,2.49581,0.501378,1,10,P3,P1,P2
sat_enc3_opt2_14,2481354,4950217,12354810,2.49581,0.501378,0.200887888,1,10,4.97906,16.679,1,393,P1,P1,P3
sat_enc3_opt2_14_p,1240678,4950217,12354810,2.49581,0.501378,0.200887888,1,10,9.95811,33.3503,1,783,P3,P1,P3
sat_blocks_d,10223027,559571,22253097,39.7681,76.9849,1.935845565,4,4259,2.17676,7.53617,1,1408,P3,P3,P3
sat_blocks,1119142,10223027,22253097,2.17676,7.53617,3.462104228,1,1408,19.8841,45.2554,1,2814,P1,P1,P3
sat_blocks_p,559571,10223027,22253097,2.17676,7.53617,3.462104228,1,1408,39.7681,76.9849,4,4259,P3,P1,P3
sat_bob-opt_d,152446,51144,355706,6.95499,19.5655,2.813160048,4,1201,2.33332,0.471415,1,3,P3,P3,P3
sat_bob-opt,102288,152446,355706,2.33332,0.471415,0.202036154,1,3,3.47749,9.79546,1,601,P3,P1,P3
sat_bob-opt_p,51144,152446,355706,2.33332,0.471415,0.202036154,1,3,6.95499,19.5655,4,1201,P1,P1,P3
sat_bob_d,77920,26294,181812,6.91458,8.10403,1.172020571,4,269,2.33332,0.471426,1,3,P3,P3,P3
sat_bob,52588,77920,181812,2.33332,0.471426,0.202040869,1,3,3.45729,4.08238,1,135,P1,P1,P3
sat_bob_p,26294,77920,181812,2.33332,0.471426,0.202040869,1,3,6.91458,8.10403,4,269,P3,P1,P3
sat_c10_d,398467,133998,929755,6.93857,24.655,3.553325829,2,3715,2.33333,0.471409,1,3,P3,P3,P3
sat_c10,267996,398467,929755,2.33333,0.471409,0.202032717,1,3,3.46929,12.3376,1,1858,P3,P1,P3
sat_c10_p,133998,398467,929755,2.33333,0.471409,0.202032717,1,3,6.93857,24.655,2,3715,P3,P1,P3
sat_count_d,55724,18607,130020,6.98769,10.4352,1.493369053,1,255,2.33329,0.471464,1,3,P1,P3,P3
sat_count,37213,55724,130020,2.33329,0.471464,0.202059753,1,3,3.49394,5.24151,1,128,P3,P1,P3
sat_count_p,18607,55724,130020,2.33329,0.471464,0.202059753,1,3,6.98769,10.4352,1,255,P3,P1,P3
sat_ctl_d,90812,8806,331537,37.649,24.3298,0.646226991,8,110,3.65081,0.704796,1,4,P3,P3,P2b
sat_ctl,17612,90812,331537,3.65081,0.704796,0.193051953,1,4,18.8245,12.2104,3,61,P1,P1,P2
sat_ctl_p,8806,90812,331537,3.65081,0.704796,0.193051953,1,4,37.649,24.3298,8,110,P1,P1,P3
sat_ctl_5_d,134756,15232,462322,30.352,23.1841,0.763840933,6,113,3.43081,0.788018,2,4,P3,P3,P2b
sat_ctl_5,30464,134756,462322,3.43081,0.788018,0.229688616,2,4,15.176,11.6365,2,63,P3,P1,P3
sat_ctl_5_p,15232,134756,462322,3.43081,0.788018,0.229688616,2,4,30.352,23.1841,6,113,P3,P1,P2
sat_dated_11_d,629461,141860,1429872,10.0795,4.95501,0.491592837,2,26,2.27158,0.935452,1,10,P3,P1,P3
sat_dated_11,283720,629461,1429872,2.27158,0.935452,0.41180676,1,10,5.03973,3.08126,1,13,P3,P1,P3
sat_dated_11_p,141860,629461,1429872,2.27158,0.935452,0.41180676,1,10,10.0795,4.95501,2,26,P1,P1,P3
sat_dated_17_d,1070757,229544,2471122,10.7654,6.78985,0.630710424,2,38,2.30783,0.920471,1,10,P3,P1,P3
sat_dated_17,459088,1070757,2471122,2.30783,0.920471,0.398846969,1,10,5.38268,3.85107,1,19,P3,P1,P3
sat_dated_17_p,229544,1070757,2471122,2.30783,0.920471,0.398846969,1,10,10.7654,6.78985,2,38,P3,P1,P3
sat_E02F20_d,395383,10420,2821910,270.817,1058.83,3.909761943,3,6360,7.13716,4.24121,1,66,P3,P3,P2b
sat_E02F20,20840,395383,2821910,7.13716,4.24121,0.594243369,1,66,135.408,755.644,1,6317,P1,P1,P3
sat_E02F20_p,10420,395383,2821910,7.13716,4.24121,0.594243369,1,66,270.817,1058.83,3,6360,P1,P1,P3
sat_E02F22_d,1301188,13574,11462079,844.414,3500.84,4.145881049,3,20486,8.80893,5.71442,1,78,P3,P3,P2b
sat_E02F22,27148,1301188,11462079,8.80893,5.71442,0.648707618,1,78,422.207,2505.25,1,20439,P1,P1,P3
sat_E02F22_p,13574,1301188,11462079,8.80893,5.71442,0.648707618,1,78,844.414,3500.84,3,20486,P1,P1,P3
sat_gss-18_d,94269,31364,222003,7.07827,6.49522,0.917628178,3,78,2.35499,0.479928,1,3,P1,P3,P3
sat_gss-18,62728,94269,222003,2.35499,0.479928,0.203791948,1,3,3.53914,3.28368,1,39,P3,P3,P2
sat_gss-18_p,31364,94269,222003,2.35499,0.479928,0.203791948,1,3,7.07827,6.49522,3,78,P1,P1,P2
sat_gss-19_d,94548,31435,222806,7.08783,6.51576,0.919288414,3,111,2.35654,0.480388,1,3,P3,P1,P3
sat_gss-19,62870,94548,222806,2.35654,0.480388,0.203853107,1,3,3.54392,3.29381,1,56,P3,P1,P2
sat_gss-19_p,31435,94548,222806,2.35654,0.480388,0.203853107,1,3,7.08783,6.51576,3,111,P1,P1,P2
sat_gss-20_d,94748,31503,223300,7.08821,6.48696,0.915176046,3,78,2.35678,0.480456,1,3,P3,P1,P3
sat_gss-20,63006,94748,223300,2.35678,0.480456,0.2038612,1,3,3.54411,3.27953,1,39,P3,P1,P3
sat_gss-20_p,31503,94748,223300,2.35678,0.480456,0.2038612,1,3,7.08821,6.48696,3,78,P3,P1,P3
sat_gss-22_d,95110,31616,224220,7.09198,6.4881,0.914850296,3,80,2.35748,0.48066,1,3,P3,P1,P3
sat_gss-22,63232,95110,224220,2.35748,0.48066,0.203887202,1,3,3.54599,3.28007,1,40,P3,P1,P3
sat_gss-22_p,31616,95110,224220,2.35748,0.48066,0.203887202,1,3,7.09198,6.4881,3,80,P3,P1,P2
sat_k45_d,488120,163622,1138944,6.96082,15.1644,2.178536437,1,423,2.33333,0.471411,1,3,P3,P1,P2
sat_k45,327243,488120,1138944,2.33333,0.471411,0.202033574,1,3,3.48042,7.59858,1,212,P3,P1,P3
sat_k45_p,163622,488120,1138944,2.33333,0.471411,0.202033574,1,3,6.96082,15.1644,1,423,P3,P1,P3
sat_itox_d,441729,152256,1143974,7.51349,47.9814,6.386033654,1,13119,2.58976,0.536717,1,3,P3,P3,P3
sat_itox,294326,441729,1143974,2.58976,0.536717,0.207245845,1,3,3.88676,24.4079,1,6591,P3,P1,P3
sat_itox_p,152256,441729,1143974,2.58976,0.536717,0.207245845,1,3,7.51349,47.9814,1,13119,P1,P1,P2
sat_k2fix_d,305160,11313,619119,54.7263,46.2323,0.844791261,1,275,2.02883,0.448338,2,9,P2,P2,P2b
sat_k2fix,22617,305160,619119,2.02883,0.448338,0.220983523,2,9,27.3741,42.0016,1,274,P3,P1,P3
sat_k2fix_p,11313,305160,619119,2.02883,0.448338,0.220983523,2,9,54.7263,46.2323,1,275,P3,P1,P3
sat_manol_c10_i_d,750877,252516,1752045,6.93835,21.8239,3.145402005,2,4133,2.33333,0.471407,1,3,P3,P3,P3
sat_manol_c10_i,505032,750877,1752045,2.33333,0.471407,0.20203186,1,3,3.46918,10.9233,1,2067,P1,P1,P3
sat_manol_c10_i_p,252516,750877,1752045,2.33333,0.471407,0.20203186,1,3,6.93835,21.8239,2,4133,P3,P1,P2
sat_manol_c10_d,1291714,433601,3013998,6.95109,20.6106,2.965088928,2,4195,2.33333,0.471406,1,3,P3,P3,P3
sat_manol_c10,867202,1291714,3013998,2.33333,0.471406,0.202031431,1,3,3.47554,10.3174,1,2098,P1,P1,P3
sat_manol_c10_p,433601,1291714,3013998,2.33333,0.471406,0.202031431,1,3,6.95109,20.6106,2,4195,P3,P1,P2
sat_manol_c8_d,799867,269048,1866355,6.93688,16.726,2.41117044,2,2173,2.33333,0.471407,1,3,P3,P3,P2
sat_manol_c8,538096,799867,1866355,2.33333,0.471407,0.20203186,1,3,3.46844,8.37781,1,1087,P1,P1,P2
sat_manol_c8_p,269048,799867,1866355,2.33333,0.471407,0.20203186,1,3,6.93688,16.726,2,2173,P3,P1,P3
sat_manol_g10_i_d,792175,266405,1848407,6.93833,21.6821,3.124973877,2,4183,2.33333,0.471407,1,3,P2,P3,P3
sat_manol_g10_i,532810,792175,1848407,2.33333,0.471407,0.20203186,1,3,3.46917,10.8525,1,2092,P3,P1,P3
sat_manol_g10_i_p,266405,792175,1848407,2.33333,0.471407,0.20203186,1,3,6.93833,21.6821,2,4183,P3,P1,P3
sat_MD5-28-1_d,62558,8282,243772,29.434,28.0526,0.953067881,4,100,3.89674,0.97765,1,6,P3,P1,P2b
sat_MD5-28-1,16564,62558,243772,3.89674,0.97765,0.250889205,1,6,14.717,14.1668,2,55,P3,P1,P3
sat_MD5-28-1_p,8282,62558,243772,3.89674,0.97765,0.250889205,1,6,29.434,28.0526,4,100,P1,P1,P3
sat_MD5-28-2_d,62554,8281,243760,29.4361,28.0535,0.953030463,4,100,3.89679,0.977655,1,6,P1,P3,P2
sat_MD5-28-2,16562,62554,243760,3.89679,0.977655,0.250887269,1,6,14.718,14.1673,2,55,P3,P1,P3
sat_MD5-28-2_p,8281,62554,243760,3.89679,0.977655,0.250887269,1,6,29.4361,28.0535,4,100,P3,P1,P3
sat_MD5-28-4_d,62544,8281,243722,29.4315,28.0549,0.953226985,4,100,3.89681,0.97785,1,6,P3,P2,P2b
sat_MD5-28-4,16562,62544,243722,3.89681,0.97785,0.250936022,1,6,14.7157,14.168,2,55,P1,P3,P3
sat_MD5-28-4_p,8281,62544,243722,3.89681,0.97785,0.250936022,1,6,29.4315,28.0549,4,100,P1,P1,P3
sat_MD5-29-4_d,65312,8590,254884,29.6722,28.3167,0.954317509,4,100,3.90256,0.977468,1,6,P3,P1,P2b
sat_MD5-29-4,17180,65312,254884,3.90256,0.977468,0.25046841,1,6,14.8361,14.2987,2,55,P3,P1,P2
sat_MD5-29-4_p,8590,65312,254884,3.90256,0.977468,0.25046841,1,6,29.6722,28.3167,4,100,P3,P1,P3
sat_MD5-30-4_d,68106,8905,266116,29.8839,28.5141,0.954162609,4,100,3.90738,0.977155,1,6,P2,P1,P2b
sat_MD5-30-4,17810,68106,266116,3.90738,0.977155,0.250079337,1,6,14.9419,14.3974,2,55,P3,P1,P2
sat_MD5-30-4_p,8905,68106,266116,3.90738,0.977155,0.250079337,1,6,29.8839,28.5141,4,100,P3,P1,P3
sat_MD5-30-5_d,68103,8905,266105,29.8827,28.5143,0.954207618,4,100,3.90739,0.9772,1,6,P3,P3,P2b
sat_MD5-30-5,17810,68103,266105,3.90739,0.9772,0.250090214,1,6,14.9413,14.3975,2,55,P1,P1,P2
sat_MD5-30-5_p,8905,68103,266105,3.90739,0.9772,0.250090214,1,6,29.8827,28.5143,4,100,P3,P1,P3
sat_min_d,746444,249327,1741700,6.98561,17.7327,2.538461208,1,522,2.33333,0.471409,1,3,P3,P3,P2
sat_min,498653,746444,1741700,2.33333,0.471409,0.202032717,1,3,3.49281,8.88043,1,261,P3,P1,P3
sat_min_p,249327,746444,1741700,2.33333,0.471409,0.202032717,1,3,6.98561,17.7327,1,522,P1,P1,P3
sat_p30_d,1643601,324116,3909191,12.0611,21.9294,1.818192371,2,217,2.37843,4.09866,1,63,P3,P1,P3
sat_p30,643132,1643601,3909191,2.37843,4.09866,1.723262825,1,63,6.07836,11.7072,1,128,P3,P1,P3
sat_p30_p,324116,1643601,3909191,2.37843,4.09866,1.723262825,1,63,12.0611,21.9294,2,217,P1,P1,P3
sat_p30_NOT_d,483561,95456,1149911,12.0465,21.7815,1.808118541,2,217,2.37801,4.0981,1,63,P3,P3,P3
sat_p30_NOT,189412,483561,1149911,2.37801,4.0981,1.723331693,1,63,6.07095,11.6503,1,128,P3,P1,P2
sat_p30_NOT_p,95456,483561,1149911,2.37801,4.0981,1.723331693,1,63,12.0465,21.7815,2,217,P3,P1,P2
sat_non_p30_d,1643601,324116,3909191,12.0611,21.9294,1.818192371,2,217,2.37843,4.09866,1,63,P3,P1,P3
sat_non_p30,643132,1643601,3909191,2.37843,4.09866,1.723262825,1,63,6.07836,11.7072,1,128,P1,P1,P3
sat_non_p30_p,324116,1643601,3909191,2.37843,4.09866,1.723262825,1,63,12.0611,21.9294,2,217,P1,P1,P3
sat_post_d,1607567,276895,4321960,15.6087,62.7687,4.021391916,1,1548,2.68851,3.01305,1,184,P3,P3,P2
sat_post,553559,1607567,4321960,2.68851,3.01305,1.120713704,1,184,7.80759,31.6079,1,774,P1,P1,P3
sat_post_p,276895,1607567,4321960,2.68851,3.01305,1.120713704,1,184,15.6087,62.7687,1,1548,P3,P1,P2
sat_post-ee_d,1575975,266199,4240496,15.9298,63.6202,3.993785233,1,1548,2.69071,3.03459,1,33,P3,P3,P2
sat_post-ee,532170,1575975,4240496,2.69071,3.03459,1.127802699,1,33,7.96831,32.0389,1,774,P1,P1,P3
sat_post-ee_p,266199,1575975,4240496,2.69071,3.03459,1.127802699,1,33,15.9298,63.6202,1,1548,P1,P1,P3
sat_L100_d,1522583,315617,4407119,13.9635,267.242,19.13861138,2,57423,2.8945,0.788549,1,11,P3,P3,P2b
sat_L100,631234,1522583,4407119,2.8945,0.788549,0.272430126,1,11,6.98175,140.405,1,38277,P3,P1,P3
sat_L100_p,315617,1522583,4407119,2.8945,0.788549,0.272430126,1,11,13.9635,267.242,2,57423,P3,P1,P3
sat_L150_d,2456708,486992,7147094,14.676,322.672,21.98637231,2,86223,2.90922,0.761234,1,11,P3,P3,P2b
sat_L150,973984,2456708,7147094,2.90922,0.761234,0.261662576,1,11,7.338,169.506,1,57477,P3,P1,P3
sat_L150_p,486992,2456708,7147094,2.90922,0.761234,0.261662576,1,11,14.676,322.672,2,86223,P1,P1,P3
sat_L200_d,3513333,670867,10259569,15.293,366.829,23.98672595,2,115023,2.92018,0.737634,1,11,P3,P3,P2b
sat_L200,1341734,3513333,10259569,2.92018,0.737634,0.252598812,1,11,7.6465,192.691,1,76677,P3,P1,P3
sat_L200_p,670867,3513333,10259569,2.92018,0.737634,0.252598812,1,11,15.293,366.829,2,115023,P1,P1,P3
sat_L80_d,1183233,250567,3415429,13.6308,240.104,17.61481351,2,45903,2.88652,0.801023,1,11,P3,P3,P3
sat_L80,501134,1183233,3415429,2.88652,0.801023,0.277504746,1,11,6.8154,126.16,1,30597,P3,P1,P3
sat_L80_p,250567,1183233,3415429,2.88652,0.801023,0.277504746,1,11,13.6308,240.104,2,45903,P3,P1,P3
sat_k100_1d,6356704,1621762,15957567,9.83965,22.2311,2.259338493,1,587,2.51035,1.42063,1,23,P3,P1,P3
sat_k100_1,3195850,6356704,15957567,2.51035,1.42063,0.565909136,1,23,4.99322,11.313,1,302,P3,P1,P3
sat_k100_1p,1621762,6356704,15957567,2.51035,1.42063,0.565909136,1,23,9.83965,22.2311,1,587,P1,P1,P3
sat_k100_2d,6356692,1621756,15957543,9.83967,22.2312,2.259344063,1,587,2.51035,1.42064,1,23,P3,P1,P3
sat_k100_2,3195838,6356692,15957543,2.51035,1.42064,0.56591312,1,23,4.99323,11.313,1,302,P3,P1,P3
sat_k100_2p,1621756,6356692,15957543,2.51035,1.42064,0.56591312,1,23,9.83967,22.2312,1,587,P3,P1,P3
sat_k70_d,4433524,1131652,11129247,9.83451,22.1906,2.256401183,1,587,2.51025,1.4206,1,23,P3,P1,P3
sat_k70,2229790,4433524,11129247,2.51025,1.4206,0.565919729,1,23,4.99116,11.2931,1,302,P3,P1,P2
sat_k70_p,1131652,4433524,11129247,2.51025,1.4206,0.565919729,1,23,9.83451,22.1906,1,587,P1,P1,P3
sat_k75_d,4754042,1213331,11933943,9.83569,22.1997,2.257055682,1,587,2.51027,1.42062,1,23,P3,P1,P3
sat_k75,2390788,4754042,11933943,2.51027,1.42062,0.565923188,1,23,4.99164,11.2976,1,302,P1,P1,P3
sat_k75_p,1213331,4754042,11933943,2.51027,1.42062,0.565923188,1,23,9.83569,22.1997,1,587,P1,P1,P3
sat_k80_d,5074584,1295022,12738687,9.83666,22.2075,2.257626064,1,587,2.51029,1.42062,1,23,P3,P1,P3
sat_k80,2551810,5074584,12738687,2.51029,1.42062,0.565918679,1,23,4.99202,11.3014,1,302,P1,P1,P3
sat_k80_p,1295022,5074584,12738687,2.51029,1.42062,0.565918679,1,23,9.83666,22.2075,1,587,P1,P1,P3
sat_k85_2d,5395102,1376701,13543383,9.83756,22.2145,2.258131081,1,587,2.51031,1.42063,1,23,P3,P1,P3
sat_k85_2,2712808,5395102,13543383,2.51031,1.42063,0.565918154,1,23,4.99239,11.3049,1,302,P1,P1,P3
sat_k85_2p,1376701,5395102,13543383,2.51031,1.42063,0.565918154,1,23,9.83756,22.2145,1,587,P3,P1,P3
sat_k85_3d,5395102,1376701,13543383,9.83756,22.2145,2.258131081,1,587,2.51031,1.42063,1,23,P3,P1,P3
sat_k85_3,2712808,5395102,13543383,2.51031,1.42063,0.565918154,1,23,4.99239,11.3049,1,302,P1,P1,P3
sat_k85_3p,1376701,5395102,13543383,2.51031,1.42063,0.565918154,1,23,9.83756,22.2145,1,587,P1,P1,P3
sat_k90_d,5715644,1458392,14348127,9.83832,22.2207,2.258586832,1,587,2.51033,1.42063,1,23,P3,P1,P3
sat_k90,2873830,5715644,14348127,2.51033,1.42063,0.565913645,1,23,4.99268,11.3079,1,302,P3,P1,P3
sat_k90_p,1458392,5715644,14348127,2.51033,1.42063,0.565913645,1,23,9.83832,22.2207,1,587,P3,P1,P3
sat_k95_d,6036162,1540071,15152823,9.83904,22.2262,2.258980551,1,587,2.51034,1.42064,1,23,P3,P1,P3
sat_k95,3034828,6036162,15152823,2.51034,1.42064,0.565915374,1,23,4.99298,11.3106,1,302,P1,P1,P3
sat_k95_p,1540071,6036162,15152823,2.51034,1.42064,0.565915374,1,23,9.83904,22.2262,1,587,P1,P1,P3
sat_slp_d,302862,94998,740744,7.79747,20.1839,2.588519097,4,3474,2.44581,6.36625,1,3473,P3,P3,P3
sat_slp,189996,302862,740744,2.44581,6.36625,2.602920914,1,3473,3.89873,11.5841,2,3472,P3,P1,P3
sat_slp_p,94998,302862,740744,2.44581,6.36625,2.602920914,1,3473,7.79747,20.1839,4,3474,P3,P3,P3
sat_030_d,1934720,361750,4605620,12.7315,48.2798,3.792153321,2,1508,2.38051,9.57711,1,502,P3,P3,P3
sat_030,705500,1934720,4605620,2.38051,9.57711,4.023133698,1,502,6.52816,25.7938,1,1002,P3,P1,P3
sat_030_p,361750,1934720,4605620,2.38051,9.57711,4.023133698,1,502,12.7315,48.2798,2,1508,P1,P1,P3
sat_050_d,3224280,602670,7675780,12.7363,48.4353,3.802933348,2,1508,2.38062,9.57748,1,502,P3,P3,P3
sat_050,1175340,3224280,7675780,2.38062,9.57748,4.023103225,1,502,6.53069,25.8656,1,1002,P3,P1,P3
sat_050_p,602670,3224280,7675780,2.38062,9.57748,4.023103225,1,502,12.7363,48.4353,2,1508,P3,P1,P3
sat_UCG-10p0_d,1005834,199304,2392967,12.0066,11.1091,0.925249446,4,64,2.37909,1.00501,1,10,P3,P1,P3
sat_UCG-10p0,398608,1005834,2392967,2.37909,1.00501,0.422434628,1,10,6.00331,6.12128,1,44,P3,P1,P2
sat_UCG-10p0_p,199304,1005834,2392967,2.37909,1.00501,0.422434628,1,10,12.0066,11.1091,4,64,P3,P1,P3
sat_UCG-10p1_d,1019221,200003,2431032,12.155,11.3222,0.931484986,4,64,2.38519,1.00065,1,10,P3,P1,P3
sat_UCG-10p1,400006,1019221,2431032,2.38519,1.00065,0.419526327,1,10,6.07749,6.21621,1,44,P3,P1,P3
sat_UCG-10p1_p,200003,1019221,2431032,2.38519,1.00065,0.419526327,1,10,12.155,11.3222,4,64,P3,P1,P3
sat_UCG-5p0_d,1190673,224587,2868616,12.7728,12.3496,0.966867093,4,64,2.40924,0.984951,1,10,P1,P1,P2
sat_UCG-5p0,449174,1190673,2868616,2.40924,0.984951,0.408822284,1,10,6.38642,6.68337,1,44,P3,P1,P3
sat_UCG-5p0_p,224587,1190673,2868616,2.40924,0.984951,0.408822284,1,10,12.7728,12.3496,4,64,P1,P1,P3
sat_UR-15_d,1019200,199996,2430990,12.1552,11.3222,0.931469659,4,62,2.38519,1.00066,1,10,P3,P1,P3
sat_UR-15,399992,1019200,2430990,2.38519,1.00066,0.41953052,1,10,6.0776,6.21623,1,43,P3,P1,P2
sat_UR-15_p,199996,1019200,2430990,2.38519,1.00066,0.41953052,1,10,12.1552,11.3222,4,62,P3,P1,P3
sat_UR-20_d,1190619,224569,2868508,12.7734,12.3528,0.967072197,4,62,2.40926,0.98497,1,10,P3,P1,P3
sat_UR-20,449138,1190619,2868508,2.40926,0.98497,0.408826777,1,10,6.3867,6.68489,1,43,P3,P1,P2
sat_UR-20_p,224569,1190619,2868508,2.40926,0.98497,0.408826777,1,10,12.7734,12.3528,4,62,P1,P1,P3
sat_UTI_d,1391257,260342,3358569,12.9006,12.5537,0.973109778,4,62,2.41405,0.980276,1,10,P3,P1,P3
sat_UTI,520684,1391257,3358569,2.41405,0.980276,0.406071125,1,10,6.4503,6.77454,1,43,P3,P1,P3
sat_UTI_p,260342,1391257,3358569,2.41405,0.980276,0.406071125,1,10,12.9006,12.5537,4,62,P1,P1,P3
sat_2.0_d,2465731,151669,7141423,47.0856,357.163,7.585397659,2,45096,2.89627,6.03433,1,150,P3,P3,P2b
sat_2.0,303338,2465731,7141423,2.89627,6.03433,2.083483239,1,150,23.5428,179.005,1,22550,P3,P1,P3
sat_2.0_p,151669,2465731,7141423,2.89627,6.03433,2.083483239,1,150,47.0856,357.163,2,45096,P1,P1,P3
sat_4.0-9_d,1814189,96177,5280501,54.904,402.39,7.32897421,2,35496,2.91067,5.83762,1,2216,P3,P3,P2b
sat_4.0-9,192354,1814189,5280501,2.91067,5.83762,2.005593214,1,2216,27.452,201.821,1,17751,P3,P1,P3
sat_4.0-9_p,96177,1814189,5280501,2.91067,5.83762,2.005593214,1,2216,54.904,402.39,2,35496,P1,P1,P3
192bit,13682,13691,154303,11.2704,1.34917,0.11970915,7,16,11.2778,107.484,0,6893,P3,P1,P3
2cubes,101492,101492,1647264,16.2305,2.6537,0.163500816,5,31,16.2305,2.6537,5,31,P3,P1,P3
2D,54019,54019,996414,18.4456,6.92217,0.375274862,6,1426,18.4456,3.10906,6,164,P3,P1,P3
3D,292008,292008,7307376,25.0246,11.8003,0.471547997,1,60,25.0246,11.8003,1,60,P3,P1,P3
ABACUS,23412,23412,218484,9.33214,1.30866,0.140231501,6,15,9.33214,1.30866,6,15,P3,P1,P3
af23560,23560,23560,484256,20.5542,1.27075,0.061824347,11,21,20.5542,1.46326,10,21,P2,P1,P3
af_shell,504855,504855,17588875,34.8395,1.27522,0.036602707,20,40,34.8395,1.27522,20,40,P3,P1,P3
airfoil,14214,14214,259688,18.2699,3.94821,0.216104631,1,23,18.2699,2.92314,4,23,P1,P3,P3
Andrews,60000,60000,760154,12.6692,3.41445,0.269507941,9,36,12.6692,3.41445,9,36,P3,P1,P2
appu,14000,14000,1853104,132.365,36.4945,0.275711102,12,294,132.365,36.4945,12,294,P3,P3,P2b
as-22,22963,22963,96872,4.21861,32.9424,7.808828026,1,2390,4.21861,32.9424,1,2390,P3,P3,P3
as-caida,31379,26475,106762,4.03256,33.3742,8.27618188,1,2628,3.40234,30.6905,0,2628,P3,P3,P2
astro,16706,16046,242502,15.1129,21.2247,1.404409478,1,360,14.5159,21.0085,0,360,P3,P3,P3
atmos,1270432,1270432,8814880,6.93849,0.244858,0.035289811,4,7,6.93849,0.244858,4,7,P3,P1,P2
av41092,41092,41092,1683902,40.9788,167.038,4.076205257,2,2135,40.9788,96.9371,2,664,P3,P3,P2b
barrier,113076,113076,3805068,33.6505,24.9358,0.741023165,10,7031,33.6505,24.9358,10,7031,P3,P3,P3
Baumann,112211,112211,760631,6.77858,0.433105,0.063893175,4,7,6.77858,0.433105,4,7,P1,P1,P2
bayer04,20545,20545,159082,7.7431,8.16467,1.054444602,1,34,7.7431,10.9333,1,43,P1,P1,P3
bbmat,38744,38744,1771722,45.7289,38.3953,0.839628769,6,126,45.7289,39.1061,8,132,P3,P3,P2b
bcsstk,13992,13992,619488,44.2744,15.641,0.353274127,5,71,44.2744,15.641,5,71,P2,P1,P2b
Ben,245874,245874,13150496,53.4847,2.99507,0.055998631,1,54,53.4847,2.99507,1,54,P3,P3,P2
bibd,18424,1176,55272,47.0,0.0,0.0,47,47,3.0,0.0,3,3,P3,P3,P2
bips,15066,15066,62198,4.12837,2.99388,0.725196627,1,27,4.12837,3.39608,1,191,P2,P1,P3
bloweya,30004,30004,150009,4.99963,57.7629,11.55343495,2,10001,4.99963,57.7629,2,10001,P3,P3,P2b
bundle,10581,10581,770901,72.8571,198.797,2.72858788,17,1711,72.8571,198.797,17,1711,P3,P3,P2b
c-55,32780,32780,403450,12.3078,24.4989,1.990518208,2,2920,12.3078,24.4989,2,2920,P3,P3,P2b
c-61,43618,43618,310016,7.10752,16.7598,2.358037684,2,2830,7.10752,16.7598,2,2830,P3,P2,P2b
c-64,51035,51035,717841,14.0657,153.473,10.91115266,2,9474,14.0657,153.473,2,9474,P3,P3,P3
CondMat,23133,23133,186936,8.08092,10.636,1.316186771,1,280,8.08092,10.636,1,280,P3,P1,P3
cage10,11397,11397,150645,13.218,3.9837,0.301384476,5,25,13.218,3.9837,5,25,P2,P1,P3
ccc,49152,49152,147456,3.0,0.0,0.0,3,3,3.0,0.0,3,3,P3,P1,P2
cfd,70656,70656,1828364,25.877,2.97203,0.114852185,12,33,25.877,2.97203,12,33,P3,P1,P2
Chem97Zt,31022,2541,62044,24.4172,69.6373,2.851977295,1,969,2.0,0.0,2,2,P3,P3,P3
circuit,12127,12127,48137,3.96941,21.0469,5.302274141,1,2305,3.96941,51.6456,1,5682,P3,P3,P3
ckt,49702,49702,333029,6.70052,23.2205,3.465477306,1,2921,6.70052,23.5294,1,2921,P3,P3,P3
cnr,325557,247501,3216152,12.9945,22.6785,1.74523837,1,2716,9.87892,218.496,1,18235,P3,P3,P3
conf5_4,49152,49152,1916928,39.0,0.0,0.0,39,39,39.0,0.0,39,39,P3,P1,P2
copter,17222,17222,211064,12.2555,5.74965,0.469148546,4,19,12.2555,5.74965,4,19,P1,P1,P3
coupled,11341,11341,98523,8.68733,30.0919,3.46388361,1,3090,8.68733,30.0919,1,3090,P3,P3,P3
crash,160000,160000,1750416,10.9401,0.420847,0.038468296,6,11,10.9401,6.96557,4,18,P3,P1,P2
cryg,10000,10000,49699,4.9699,0.172609,0.03473088,3,5,4.9699,0.223146,3,6,P1,P1,P2
crystk,13965,13965,968583,69.3579,14.8306,0.21382712,24,81,69.3579,14.8306,24,81,P2,P2,P2b
d_pretok,182730,182730,1641672,8.98414,2.74946,0.306034857,2,11,8.98414,2.74946,2,11,P1,P1,P2
dac11,952507,935731,3069269,3.28008,10.5186,3.206812029,1,3602,3.22231,6.91501,1,1983,P3,P3,P3
dac14,630802,619815,2048903,3.30567,16.171,4.89189786,1,8871,3.24809,4.65887,1,1023,P3,P3,P3
dac16,698339,697458,2280417,3.26961,9.05188,2.768489208,1,2367,3.26549,6.05887,1,1016,P3,P1,P3
dac2,1010321,990899,3227167,3.25681,10.7765,3.308912709,1,2048,3.1942,5.54658,1,1317,P3,P3,P3
dac3,917944,898001,3109446,3.46263,15.2848,4.414216939,1,2527,3.3874,5.24321,1,2245,P3,P3,P3
dac6,1011662,1006629,3387521,3.36521,14.0921,4.187584133,1,7601,3.34847,4.06186,1,1689,P3,P3,P3
dac7,1360217,1340418,4931418,3.67902,16.7619,4.556077434,1,5310,3.62546,3.09851,1,849,P3,P3,P3
delta,21961,68600,247424,3.60676,5.86925,1.62729153,3,83,11.2665,10.0681,3,39,P3,P1,P3
denormal,89400,89400,1156224,12.9332,0.473841,0.036637568,6,13,12.9332,0.473841,6,13,P3,P1,P2
dict,52652,39327,178076,4.52809,4.64943,1.026797171,1,38,3.38213,4.47461,0,38,P2,P2,P3
diel,607232,607232,25309272,41.6797,17.553,0.421140267,8,158,41.6797,17.553,8,158,P3,P3,P2b
cova2,65025,65025,1030225,15.8435,5.76218,0.363693628,4,25,15.8435,5.76218,4,25,P3,P1,P3
ecl32,51993,51993,380415,7.31666,3.35036,0.45790839,1,23,7.31666,3.38317,1,22,P3,P1,P2
Emilia,923136,923136,41005206,44.4195,3.72074,0.083763662,15,57,44.4195,3.72074,15,57,P3,P3,P3
epb1,14734,14734,95053,6.45127,0.577655,0.089541284,3,7,6.45127,2.47708,3,9,P3,P1,P3
ESOC,37830,327062,6019939,18.4061,0.782719,0.042524978,8,19,159.131,1093.14,0,12090,P3,P1,P2
Eternity,150638,7362,782087,106.233,129.116,1.215403876,1,780,5.19183,0.638964,1,6,P3,P3,P2b
ex19,12005,12005,259879,21.6476,12.2864,0.567564072,1,50,21.6476,12.2864,1,50,P3,P1,P3
F2,71505,71505,5294285,74.0408,37.5485,0.507132554,22,345,74.0408,37.5485,22,345,P3,P3,P2b
fd18,16428,16428,63406,3.85963,1.42601,0.369468058,1,6,3.85963,1.09112,1,8,P3,P1,P2
fem,74062,74062,1731206,23.3751,66.3067,2.836638132,5,565,23.3751,66.3067,5,565,P3,P1,P3
finan,74752,74752,596992,7.9863,6.2778,0.786071147,3,55,7.9863,6.2778,3,55,P1,P1,P3
flower,67593,27693,202218,7.30213,2.19078,0.300019309,1,15,2.9917,0.0907237,2,3,P3,P1,P2
foldoc,13356,13356,120238,9.00255,3.77526,0.419354516,3,102,9.00255,14.391,0,720,P3,P2,P3
Franz,30144,47104,329728,7.0,0.0,0.0,7,7,10.9384,4.78435,8,20,P3,P1,P2
G2,150102,150102,726674,4.8412,0.639641,0.132124473,2,6,4.8412,0.639641,2,6,P1,P1,P3
g7jac,11790,11790,114671,9.72612,14.5927,1.500361912,2,120,9.72612,13.5228,2,99,P3,P1,P3
garon,13535,13535,390607,28.859,10.8196,0.374912506,5,45,28.859,10.8196,5,45,P1,P3,P2b
gearbox,153746,153746,9080404,59.0611,15.4095,0.260907772,6,99,59.0611,15.4095,6,99,P3,P3,P2b
gemat,10595,4929,47369,9.61027,70.1629,7.300825055,4,4928,4.47088,3.22068,1,28,P3,P3,P2b
graphics,11822,29493,117954,3.99939,0.024697,0.006175192,3,4,9.9775,9.90043,3,87,P1,P1,P2
gyro,17361,17361,1021159,58.8191,32.0506,0.544901231,12,360,58.8191,32.0506,12,360,P3,P3,P2b
H2O,67024,67024,2216736,33.0738,4.80106,0.145162032,14,37,33.0738,4.80106,14,37,P3,P1,P2
HEP,27240,24541,342437,13.9537,16.1256,1.155650473,1,562,12.5711,39.3974,0,2357,P3,P2,P3
HTC,226340,226340,883422,3.90308,31.8842,8.168984494,1,7394,3.90308,31.8842,1,7394,P3,P3,P3
hvdc1,24842,24842,159981,6.43994,3.61747,0.561724178,2,181,6.43994,2.93599,2,40,P1,P3,P3
IG5,27944,30162,1035008,34.315,30.8102,0.897863908,1,120,37.0386,85.0057,0,1216,P3,P1,P2b
Ill,20896,20896,191368,9.15812,1.6444,0.179556503,3,12,9.15812,1.56235,3,12,P3,P1,P3
interp,120000,232485,711683,3.0612,1.99648,0.652188684,1,5,5.93069,0.254469,4,6,P1,P1,P2
IMDB,896308,303617,3782463,12.458,16.8285,1.350818751,1,1334,4.22005,13.0363,0,1590,P3,P1,P3
ibm01,12752,14111,50566,3.58345,3.3426,0.932788235,2,42,3.96534,2.32884,1,39,P3,P2,P2
ibm02,19601,19584,81199,4.14619,5.45215,1.31497833,2,134,4.14259,2.29155,1,69,P2,P1,P3
ibm03,23136,27401,93573,3.41495,3.10681,0.909767347,2,55,4.04448,3.44833,1,100,P3,P2,P3
ibm04,27507,31970,105859,3.3112,2.92331,0.882855158,2,46,3.84844,4.65442,1,526,P3,P1,P3
ibm05,29347,28446,126308,4.44027,4.29145,0.96648402,2,17,4.30395,2.3538,1,9,P3,P1,P3
ibm06,32498,34826,128182,3.68064,3.27775,0.890538059,2,35,3.9443,1.84184,1,91,P3,P1,P3
ibm07,45926,48117,175639,3.65025,3.04942,0.835400315,2,25,3.82439,2.41458,1,98,P3,P1,P3
ibm08,51309,50513,204890,4.05618,5.00773,1.234592646,2,75,3.99326,6.18049,1,1165,P2,P1,P3
ibm09,53395,60902,222088,3.64665,3.13265,0.859048716,2,39,4.15934,3.22331,1,173,P1,P1,P2
ibm10,69429,75196,297567,3.95722,3.55991,0.899598708,2,41,4.28592,3.21805,1,137,P1,P1,P2
ibm11,70558,81454,280786,3.44717,2.59879,0.753890873,2,24,3.97951,3.17323,1,174,P1,P1,P3
ibm12,71076,77240,317760,4.11393,3.71913,0.90403337,2,28,4.47071,4.67735,1,473,P1,P1,P3
ibm13,84199,99666,357075,3.58272,3.00807,0.839605105,2,24,4.24085,3.34181,1,180,P3,P1,P2
ibm14,147605,152772,546816,3.57929,2.94341,0.822344655,2,33,3.70459,3.18172,1,270,P3,P1,P3
ibm15,161570,186608,715823,3.83597,3.50971,0.914947197,2,36,4.43042,3.28564,1,306,P1,P1,P3
ibm16,183484,190048,778823,4.09803,3.6136,0.881789543,2,40,4.24464,2.76933,1,177,P3,P1,P3
kim1,38415,38415,933195,24.2925,3.46155,0.142494597,4,25,24.2925,2.58594,5,25,P1,P1,P3
kkt,2063494,2063494,14612663,7.08151,7.40036,1.045025708,1,96,7.08151,7.40036,1,96,P3,P1,P3
duct3D,67173,67173,3833077,57.0628,37.8956,0.664103409,1,89,57.0628,29.6275,3,89,P1,P1,P2b
lhr14,14270,14270,307858,21.5738,26.2689,1.217629718,1,63,21.5738,15.9833,1,36,P3,P3,P3
li,22695,22695,1350309,59.4981,29.2054,0.490862733,11,108,59.4981,29.2054,11,108,P3,P1,P2b
tissue,29282,29282,406084,13.868,2.73294,0.19706807,6,18,13.868,2.73294,6,18,P1,P1,P3
Lin,256000,256000,1766400,6.9,0.310242,0.044962609,4,7,6.9,0.310242,4,7,P3,P1,P2
lp_nug,72600,15240,304800,20.0,0.0,0.0,20,20,4.19835,2.6648,4,40,P3,P1,P2
lp_pds,108175,33798,232647,6.88345,6.16153,0.895122359,1,96,2.15065,0.416172,1,3,P3,P2,P2
lung,109460,109460,492564,4.49995,1.93909,0.430913677,2,8,4.49995,1.93909,2,8,P3,P1,P3
m14b,214765,214765,3358036,15.6359,3.13118,0.200255822,4,40,15.6359,3.13118,4,40,P1,P1,P3
mac,206500,206500,1273389,6.16653,4.43587,0.719346213,1,44,6.16653,6.10639,1,47,P3,P1,P3
Maragal,10152,21251,537694,25.3021,202.891,8.018741527,1,5941,52.9643,54.5739,0,685,P3,P3,P2b
mc2depi,525825,525825,2100225,3.99415,0.0763228,0.019108646,2,4,3.99415,0.0763228,2,4,P3,P1,P2
mixtank,29957,29957,1995041,66.5968,38.335,0.575628258,11,154,66.5968,38.335,11,154,P3,P3,P2b
mono,169410,169410,5036288,29.7284,17.9049,0.602282666,10,719,29.7284,17.9049,10,719,P3,P3,P2b
mri1,147456,65536,589824,9.0,0.0,0.0,9,9,4.0,3.13846,0,240,P3,P1,P2
msc,10848,10848,1229778,113.364,48.0939,0.424243146,45,723,113.364,48.0939,45,723,P3,P3,P2b
msdoor,415863,415863,20240935,48.6721,11.71,0.240589578,28,77,48.6721,11.71,28,77,P3,P3,P2b
mult_dcop,25187,25187,193276,7.67364,143.814,18.74130139,1,22767,7.67364,144.207,1,22774,P2,P3,P3
nasasrb,54870,54870,2677324,48.7939,8.53064,0.17483005,12,276,48.7939,8.53064,12,276,P3,P3,P2b
nd12k,36000,36000,14220946,395.026,83.1939,0.210603606,126,519,395.026,83.1939,126,519,P2,P3,P2b
net100,29920,29920,2033200,67.9545,57.8201,0.850864917,3,181,67.9545,57.8201,3,181,P3,P3,P2b
nopoly,10774,10774,70842,6.57527,1.09932,0.167190093,3,11,6.57527,1.09932,3,11,P1,P1,P3
actors,127823,383640,1470404,3.83277,10.4242,2.719756208,1,646,11.5034,11.7577,1,294,P3,P1,P3
www,325729,137941,929849,6.74092,6.8703,1.019193226,1,60,2.85467,35.7093,0,10717,P3,P1,P2
obstclae,40000,40000,197608,4.9402,0.41979,0.084974293,1,5,4.9402,0.41979,1,5,P3,P1,P3
olafu,16146,16146,1015156,62.8735,12.4094,0.197370911,24,89,62.8735,12.4094,24,89,P3,P3,P2b
opt1,15449,15449,1930655,124.97,42.4948,0.34004001,44,243,124.97,42.4948,44,243,P3,P3,P2b
Oregon,11492,11174,46818,4.18991,33.0948,7.898689948,1,2389,4.07396,32.6409,0,2389,P3,P2,P3
p2p,22687,6221,54705,8.7936,3.30244,0.3755504,1,64,2.41129,2.28746,0,36,P3,P2,P2
para,153226,153226,5326228,34.7606,19.886,0.572084486,10,5776,34.7606,19.886,10,5776,P3,P3,P2b
parabolic,525825,525825,3674625,6.9883,0.152633,0.02184122,3,7,6.9883,0.152633,3,7,P3,P1,P2
Pd,12406,4371,6323,1.44658,0.940494,0.650150009,1,14,0.509673,0.850995,0,30,P1,P1,P3
pdb,36417,36417,4344765,119.306,31.8604,0.26704776,18,204,119.306,31.8604,18,204,P3,P3,P2b
pds,475448,142596,1014136,7.11195,7.15307,1.005781818,1,96,2.13301,0.39018,1,3,P3,P1,P3
pesa,11738,11738,79566,6.7785,0.885317,0.130606624,3,10,6.7785,0.885317,3,10,P3,P2,P3
PGP,10680,10680,48632,4.55356,8.07721,1.773823119,1,205,4.55356,8.07721,1,205,P3,P1,P3
pkustk,87804,87804,5217912,59.4268,25.0322,0.42122746,18,132,59.4268,25.0322,18,132,P3,P1,P2
poisson3D,85623,85623,2374949,27.7373,14.7121,0.530408511,6,145,27.7373,14.7121,6,145,P3,P3,P2
poli3,16955,16955,37849,2.23232,6.2828,2.814471044,1,336,2.23232,0.991318,1,41,P3,P2,P3
powersim,15838,15838,67562,4.26582,2.70058,0.633074063,2,40,4.26582,3.42057,1,41,P1,P1,P3
pre2,659033,659033,5959282,9.04246,22.1217,2.446424977,1,628,9.04246,27.2444,1,745,P3,P1,P3
Pres,14822,14822,715804,48.2933,5.11656,0.105947616,18,50,48.2933,5.11656,18,50,P3,P3,P2b
psse2,11028,28634,115262,4.02535,1.16705,0.2899251,1,28,10.4518,6.71306,2,76,P1,P3,P3
qa8fk,66127,66127,1660579,25.112,4.18252,0.166554635,8,27,25.112,4.18252,8,27,P3,P3,P2b
rajat,51032,51032,249302,4.88521,22.7604,4.659042293,1,3401,4.88521,22.4036,1,3269,P3,P3,P2b
Reuters,13332,13314,296076,22.2379,66.7811,3.003030862,1,2265,22.2079,66.741,0,2265,P3,P3,P2b
RFdevice,74104,74104,365580,4.93334,1.78166,0.361146809,2,271,4.93334,0.415814,1,9,P3,P1,P3
rgg,262144,262141,3094566,11.805,3.44834,0.292108429,1,31,11.8048,3.44855,0,31,P3,P1,P3
rim,22560,22560,1014951,44.989,26.5756,0.590713285,1,112,44.989,25.9789,11,112,P3,P1,P2b
rma,46835,46835,2374001,50.6886,27.7806,0.548064062,4,145,50.6886,27.7806,4,145,P3,P1,P2b
Rucci,109900,1977885,7791168,3.93914,0.343717,0.087256863,1,4,70.8932,11.3881,30,108,P3,P1,P3
s4dkt,90449,90449,3753461,41.4981,2.6822,0.064634284,7,42,41.4981,2.6822,7,42,P3,P1,P2
scfxm,65943,37980,221388,5.82907,5.60486,0.961535888,1,57,3.35726,8.75597,1,516,P3,P2,P3
scircuit,170998,170998,958936,5.60788,4.39216,0.783212194,1,353,5.60788,4.39219,1,353,P3,P1,P2
shallow,81920,81920,327680,4.0,0.0,0.0,4,4,4.0,0.0,4,4,P3,P1,P2
sherman,18510,18510,145149,7.84165,99.9495,12.74597821,1,10405,7.84165,99.3773,1,10405,P3,P3,P3
ship,34920,34920,4644230,132.996,55.1994,0.415045565,18,438,132.996,55.1994,18,438,P3,P1,P2b
shock,36476,36476,142580,3.90887,0.309635,0.07921343,2,4,3.90887,0.309635,2,4,P3,P1,P3
shyy,76480,76480,329762,4.31174,1.25315,0.290636727,1,6,4.31174,1.25482,1,6,P1,P1,P2
skirt,12598,12598,196520,15.5993,6.30962,0.40448097,1,33,15.5993,6.30962,1,33,P3,P1,P3
sme3D,29067,29067,2081063,71.5954,37.0664,0.517720412,24,345,71.5954,37.0674,24,345,P3,P1,P2b
soc-sign,131828,95318,841372,8.827,38.4668,4.357856576,1,2070,6.38235,34.7455,0,3478,P2,P3,P3
sparsine,50000,50000,1548988,30.9798,11.1545,0.360057199,6,56,30.9798,11.1545,6,56,P3,P3,P2b
spmsrtls,29995,29995,229947,7.66618,0.472707,0.061661349,4,8,7.66618,0.472707,4,8,P1,P3,P3
std1_Jac3,21982,21982,1455848,66.2291,169.296,2.556217735,1,1030,66.2291,129.752,1,1036,P3,P3,P2b
stokes,49666,49666,558594,11.247,2.3866,0.212198809,5,13,11.247,2.3866,5,13,P1,P1,P3
ted_A,10605,10605,424587,40.0365,37.1958,0.929047244,1,147,40.0365,22.7824,12,147,P1,P3,P2b
TF16,19321,15437,216173,14.0036,6.62167,0.472854837,2,63,11.1885,2.14733,0,15,P2,P1,P3
thermal,82654,82654,574458,6.95015,0.876773,0.126151666,1,11,6.95015,0.876773,1,11,P3,P1,P2
therm,102158,102158,711558,6.96527,0.71524,0.102686615,4,10,6.96527,0.71524,4,10,P1,P1,P2
tmt,917825,917825,4584801,4.99529,0.0863249,0.017281259,3,5,4.99529,0.0863249,3,5,P1,P1,P3
tomogra,59498,45908,647495,14.1042,15.0239,1.065207527,1,155,10.8826,1.69342,0,15,P3,P1,P3
torso,259156,259156,4429042,17.0903,4.39231,0.257006021,7,22,17.0903,3.49779,6,21,P3,P1,P2
Trec,15905,3159,2872265,909.232,352.377,0.387554552,6,1837,180.589,309.254,0,2500,P3,P3,P2b
Trefe,20000,20000,554466,27.7233,1.17403,0.042348133,16,29,27.7233,1.17403,16,29,P1,P1,P3
TSOPF,30798,30798,1801300,58.4876,428.059,7.318799198,1,15054,58.4876,428.059,1,15054,P3,P3,P2b
us04,28016,163,297538,1825.39,2302.85,1.261566022,2,11625,10.6203,2.41792,2,18,P3,P3,P2b
usroads,129164,129164,330870,2.56163,0.784015,0.306060985,1,7,2.56163,0.784015,1,7,P1,P1,P3
venkat,62424,62424,1717792,27.5181,2.2937,0.083352412,16,44,27.5181,2.2937,16,44,P3,P1,P2b
vibro,12328,12328,342828,27.8089,16.089,0.578555786,9,121,27.8089,16.089,9,121,P2,P1,P2b
plastic,32769,32769,381326,11.6368,13.9572,1.199401897,5,73,11.6368,14.4388,4,93,P3,P1,P3
rocks,37762,37762,1162244,30.7781,7.73588,0.25134365,16,42,30.7781,7.73588,16,42,P1,P3,P2b
wave3D,21036,21036,303468,14.4261,3.48696,0.241711897,5,28,14.4261,3.48696,5,28,P1,P1,P3
wathen120,36441,36441,565761,15.5254,3.82329,0.246260322,8,21,15.5254,3.82329,8,21,P3,P1,P3
water,60740,60740,2035281,33.5081,12.5996,0.376016545,8,63,33.5081,10.919,13,54,P1,P3,P3
wang4,26068,26068,177196,6.79745,0.436138,0.064162002,4,7,6.79745,0.436138,4,7,P1,P1,P3
xenon,157464,157464,3866688,24.556,4.06886,0.165697182,1,27,24.556,4.06886,1,27,P1,P1,P3
Zhao,33861,33861,166453,4.91577,0.437317,0.088962055,3,6,4.91577,1.0384,2,7,P1,P1,P3
G67,10000,10000,40000,4.0,0.0,0.0,4,4,4.0,0.0,4,4,P1,P1,P2
af101,503625,503625,17550675,34.8487,1.25658,0.03605816,15,35,34.8487,1.25658,15,35,P3,P1,P2
eco1,1000000,1000000,4996000,4.996,0.0631823,0.012646577,3,5,4.996,0.0631823,3,5,P3,P1,P2
ibm18,210613,201920,819697,4.05951,3.96331,0.976302559,2,66,3.89196,1.90304,1,97,P3,P1,P3
ibm17,185495,189581,860036,4.53651,4.07057,0.897291089,2,36,4.63644,2.49368,1,81,P1,P1,P3
web1M,1000005,1000005,3105536,3.10552,25.3452,8.16133852,1,4700,3.10552,36.8799,1,28685,P3,P3,P3
nl120,3542400,3542400,96845792,27.339,3.09277,0.113126669,5,28,27.339,3.09277,5,28,P3,P1,P3
sat_p,521147,13378010,39203144,2.93042,8.64884,2.951399458,1,6689,75.2247,1079.86,2,220932,P3,P1,P3
wbedu,9845725,6920306,57156537,8.25925,23.7814,2.87936556,1,3841,5.80521,45.3402,0,25762,P3,P1,P3
Stanf,281903,261588,2312497,8.84023,172.653,19.53037421,1,38606,8.20317,11.3114,0,255,P2,P3,P2b
gene2,14340,14340,18068388,1260.0,1375.14,1.091380952,1,7229,1260.0,1375.14,1,7229,P3,P3,P2b
gupta,16783,16783,9323427,555.528,1233.52,2.220446134,33,14672,555.528,1233.52,33,14672,P3,P3,P2b
Hamr3,1447360,1447360,5514242,3.80986,1.55149,0.407230187,2,6,3.80986,2.08401,2,9,P3,P1,P3
StocF,1465137,1465137,21005389,14.3368,2.57378,0.179522627,1,189,14.3368,2.57378,1,189,P3,P1,P3
lang,399130,399130,1216334,3.04746,20.71,6.795823407,1,11555,3.04746,3.95838,1,107,P3,P3,P2b
kron,65536,55321,4912469,88.7994,338.324,3.809980698,1,17998,74.9583,312.505,0,17998,P3,P3,P2b
case39,40216,40216,1042160,25.9141,316.226,12.20285482,1,20024,25.9141,316.226,1,20024,P3,P3,P2b
dac9,844332,833808,2898403,3.4761,23.5285,6.768648773,1,7772,3.43278,4.74793,1,1265,P3,P3,P3
dac12,1291931,1293436,4773600,3.69063,20.9376,5.67317775,1,8488,3.69493,2.14454,1,1006,P3,P3,P3
dac19,522482,511685,1713796,3.34932,27.1748,8.113527522,1,9155,3.28011,5.91673,1,1507,P3,P3,P3
tran4,116835,116835,766396,6.55964,361.498,55.10942674,1,114190,6.55964,361.435,1,114174,P3,P3,P2b
Cheb4,68121,68121,5377761,78.9442,1061.44,13.44544628,9,68121,78.9442,7.40935,9,81,P3,P3,P2b
sat_d,13378010,521147,39203144,75.2247,1079.86,14.35512538,2,220932,2.93042,8.64884,1,6689,P3,P3,P2b
RM07R,381689,381689,37464962,98.1557,68.685,0.699755592,1,295,98.1557,64.3143,1,245,P3,P3,P2b
sat_barrier_d,46604325,9580427,142516396,14.8758,161.626,10.86502911,2,197796,3.05801,14.3976,1,1089,P3,P3,P3
sat_sin_d,32591905,7916927,89419606,11.2947,71.7372,6.351403756,3,155449,2.74361,1.85275,2,110,P3,P3,P3
sat_npe_d,14582074,889302,42006170,47.235,1123.01,23.77495501,2,228944,2.88067,11.3879,1,5391,P3,P3,P2b
circuit5M,5558326,5558326,59524291,10.709,1356.62,126.6803623,1,1290501,10.709,1356.62,1,1290501,P3,P3,P2b
sat_zfcp_d,32697150,10950109,76320846,6.96987,1032.24,148.1003232,1,1777221,2.33417,0.484811,1,65,P3,P3,P2b
