0,sat_10pipe_d,22718,226.587,16339,396.482,23791,456.197,
1,sat_10pipe,45232,196.342,136511,454.307,151725,560.472,
2,sat_10pipe_p,136810,403.12,141776,272.256,172149,543.094,
3,sat_11pipe_d,52325,641.939,31996,664.615,51305,1654.835,
4,sat_11pipe,segfault,123.185,segfault,504.18999999999994,segfault,1350.65,
5,sat_11pipe_p,segfault,123.185,segfault,504.18999999999994,segfault,1350.65,
6,sat_11pipe_kd,31953,333.193,32094,774.648,32807,986.834,
7,sat_11pipe_k,59659,619.473,193129,718.129,208411,1130.426,
8,sat_11pipe_kp,186795,299.051,195353,337.571,288369,532.11,
9,sat_6s10_d,346,3.115,509,6.162,631,7.081,
10,sat_6s10,2148,8.013,3159,9.739,3904,11.161,
11,sat_6s10_p,1930,4.757,3317,7.499,3921,7.949,
12,sat_6s11_d,356,3.822,497,6.649,643,7.976,
13,sat_6s11,2120,8.313,3131,10.701,3926,10.819,
14,sat_6s11_p,1957,4.705,3222,8.258,3961,8.385,
15,sat_6s12_d,340,3.465,495,5.919,628,7.524,
16,sat_6s12,2150,7.232,3300,11.832,3905,13.181,
17,sat_6s12_p,1927,3.72,3185,8.792,3992,7.791,
18,sat_130_d,260,6.983,361,7.992,533,12.536,
19,sat_130,1245,10.745,1972,14.309,3131,18.788,
20,sat_130_p,1331,6.387,2373,10.981,3148,14.395,
21,sat_131_d,240,4.561,363,7.715,512,9.804,
22,sat_131,1256,14.957,2099,12.549,3200,14.972,
23,sat_131_p,1330,8.45,2379,12.801,3223,12.499,
24,sat_133_d,248,3.81,415,9.556,584,9.783,
25,sat_133,1661,14.313,3049,14.791,4082,21.299,
26,sat_133_p,1537,4.391,3134,8.532,3822,10.979,
27,sat_153_d,59,6.308,116,12.631,265,16.62,
28,sat_153,250,9.97,315,13.23,626,22.075,
29,sat_153_p,138,5.525,332,8.646,567,9.479,
30,sat_16_d,339,3.22,501,4.971,685,6.569,
31,sat_16,1673,3.781,3132,7.053,3776,9.692,
32,sat_16_p,1680,3.847,3133,6.192,3859,7.871,
33,sat_184_d,374,3.553,587,4.367,644,7.593,
34,sat_184,2026,4.879,3217,10.248,4227,12.91,
35,sat_184_p,1996,4.395,3310,8.902,4351,7.193,
36,sat_9_d,353,3.591,525,5.686,613,7.624,
37,sat_9,2089,7.204,3254,12.5,4057,13.248,
38,sat_9_p,1866,3.648,3200,9.053,3879,7.298,
39,sat_9dlx_d,4903,60.49,2137,71.795,3163,160.522,
40,sat_9dlx,30809,155.873,66880,239.404,75674,243.142,
41,sat_9dlx_p,53428,64.903,107830,135.209,110472,134.83,
42,sat_bug7,segfault,123.185,segfault,504.18999999999994,segfault,1350.65,
43,sat_bug8_d,110472,134.83,110472,134.83,110472,134.83,
44,sat_bug8,segfault,123.185,segfault,504.18999999999994,segfault,1350.65,
45,sat_bug8_p,segfault,123.185,segfault,504.18999999999994,segfault,1350.65,
46,sat_aaai_d,971,36.64,1234,22.251,1544,36.006,
47,sat_aaai,2377,23.627,3261,33.89,4089,42.127,
48,sat_aaai_p,2313,10.032,3707,10.73,3977,16.23,
49,sat_ACG_10p_d,1407,66.95,1219,123.724,2697,120.13,
50,sat_ACG_10p,3962,103.618,3839,146.206,8167,236.476,
51,sat_ACG_10p_p,4470,55.118,4218,90.509,8543,141.764,
52,sat_ACG_5p0_d,1201,37.961,2219,94.556,4953,106.177,
53,sat_ACG_5p0,3087,159.44,5434,212.305,7411,322.682,
54,sat_ACG_5p0_p,3365,58.72,5116,65.062,8248,112.425,
55,sat_ACG_5p1_d,1077,59.717,1650,79.025,2709,98.729,
56,sat_ACG_5p1,3230,134.622,5565,168.246,8371,228.692,
57,sat_ACG_5p1_p,3396,59.782,5536,63.506,8360,111.631,
58,sat_01_d,240,0.892,442,2.038,570,2.256,
59,sat_01,988,1.394,1733,2.001,2193,2.575,
60,sat_01_p,1062,0.993,1748,0.967,2303,1.338,
61,sat_27_d,104,0.55,163,1.041,187,1.154,
62,sat_27,2383,1.37,3487,2.288,4101,2.651,
63,sat_27_p,2424,1.116,3524,1.583,4169,1.653,
64,sat_enc1_opt1_05_d,6411,43.285,4830,104.655,6462,81.845,
65,sat_enc1_opt1_05,1143,32.83,1676,106.049,1521,68.386,
66,sat_enc1_opt1_05_p,2116,16.357,3132,40.869,4027,62.281,
67,sat_enc1_opt1_10_d,2283,13.571,1665,18.468,2424,24.626,
68,sat_enc1_opt1_10,902,18.0,1351,26.652,1563,24.959,
69,sat_enc1_opt1_10_p,1497,16.804,2760,26.365,3247,23.739,
70,sat_enc1_opt1_15_d,8309,73.334,6910,106.39,8367,142.541,
71,sat_enc1_opt1_15,918,30.494,1567,61.101,1836,87.295,
72,sat_enc1_opt1_15_p,2142,46.235,2940,53.055,3434,68.055,
73,sat_enc1_opt2_4_d,5767,20.075,4039,31.588,4826,31.447,
74,sat_enc1_opt2_4,270,16.137,318,33.524,393,29.179,
75,sat_enc1_opt2_4_p,482,11.364,604,25.429,684,25.2,
76,sat_enc1_opt2_12_d,1883,6.915,1457,12.927,1903,15.305,
77,sat_enc1_opt2_12,307,5.533,441,10.226,493,10.278,
78,sat_enc1_opt2_12_p,673,6.613,889,14.187,1073,11.64,
79,sat_enc1_opt2_16_d,2012,5.997,1465,14.305,2084,14.339,
80,sat_enc1_opt2_16,307,9.093,371,11.776,497,10.672,
81,sat_enc1_opt2_16_p,765,7.029,971,12.044,803,9.636,
82,sat_enc2_opt1_05_d,6324,42.214,5459,63.871,6380,74.913,
83,sat_enc2_opt1_05,871,29.768,1251,68.496,1522,72.683,
84,sat_enc2_opt1_05_p,1440,25.834,2492,43.073,2724,48.915,
85,sat_enc2_opt1_15_d,7482,80.586,4324,108.103,7849,138.296,
86,sat_enc2_opt1_15,913,31.521,1312,75.084,1568,67.141,
87,sat_enc2_opt1_15_p,1488,22.473,2197,45.302,2818,48.28,
88,sat_enc3_opt1_50_d,2700,154.452,3423,882.471,4327,808.141,
89,sat_enc3_opt1_50,1740,413.095,2579,767.353,3943,1142.625,
90,sat_enc3_opt1_50_p,1980,244.489,2092,447.122,3557,607.084,
91,sat_enc3_opt2_21_d,644,250.877,1049,735.601,2014,660.343,
92,sat_enc3_opt2_21,390,607.454,1586,881.902,3313,1144.781,
93,sat_enc3_opt2_21_p,462,241.085,1542,329.022,3271,486.971,
94,sat_enc3_opt2_12_d,406,187.682,572,481.781,1471,377.248,
95,sat_enc3_opt2_12,558,458.978,1528,557.253,3034,850.989,
96,sat_enc3_opt2_12_p,417,153.099,1368,335.562,3617,467.934,
97,sat_enc3_opt2_14_d,411,190.392,715,531.333,1517,359.39,
98,sat_enc3_opt2_14,614,369.386,1676,779.32,3291,797.839,
99,sat_enc3_opt2_14_p,417,126.537,949,297.323,3708,433.642,
100,sat_blocks_d,175908,892.174,130016,889.211,178673,2136.333,
101,sat_blocks,9918,697.504,19836,1079.02,29754,1333.754,
102,sat_blocks_p,9955,503.256,19910,862.62,29865,1020.789,
103,sat_bob-opt_d,73,4.562,117,7.685,131,8.799,
104,sat_bob-opt,454,5.227,657,7.514,1022,8.422,
105,sat_bob-opt_p,285,2.885,706,4.712,995,5.51,
106,sat_bob_d,207,2.621,608,6.004,646,5.176,
107,sat_bob,1705,4.638,2399,9.808,3406,9.942,
108,sat_bob_p,1732,3.519,2469,5.37,3541,5.499,
109,sat_c10_d,712,12.04,1138,16.521,1527,19.787,
110,sat_c10,5215,29.276,9208,67.008,10970,72.937,
111,sat_c10_p,4852,21.383,8832,35.075,11301,39.177,
112,sat_count_d,96,1.823,160,2.067,224,2.687,
113,sat_count,289,1.375,512,2.506,735,2.811,
114,sat_count_p,303,1.168,526,1.624,749,2.006,
115,sat_ctl_d,2285,7.581,2207,8.466,1430,15.376,
116,sat_ctl,0,2.089,0,4.805,1983,5.456,
117,sat_ctl_p,0,2.476,0,5.127,3227,5.466,
118,sat_ctl_5_d,3805,5.359,3655,18.301,4639,17.778,
119,sat_ctl_5,4170,5.174,6769,14.254,9867,14.234,
120,sat_ctl_5_p,4170,4.981,6851,11.253,9976,10.07,
121,sat_dated_11_d,1487,50.811,2097,100.878,2528,115.954,
122,sat_dated_11,4197,45.477,5724,56.214,6851,77.564,
123,sat_dated_11_p,5195,18.228,7761,41.429,9190,36.136,
124,sat_dated_17_d,2426,142.623,3353,236.789,3941,266.648,
125,sat_dated_17,6636,63.739,8806,120.45,10400,117.857,
126,sat_dated_17_p,8256,38.316,11598,116.928,13621,85.888,
127,sat_E02F20_d,1121,3.268,1128,9.523,1123,13.126,
128,sat_E02F20,190,50.836,6568,150.584,8625,146.145,
129,sat_E02F20_p,190,38.666,6932,87.262,9868,89.781,
130,sat_E02F22_d,9868,89.781,9868,89.781,9868,89.781,
131,sat_E02F22,231,409.592,10495,1420.718,13129,1134.913,
132,sat_E02F22_p,231,260.979,11670,695.448,14377,404.581,
133,sat_gss-18_d,89,3.273,152,5.507,220,5.65,
134,sat_gss-18,816,2.566,1297,5.357,1681,5.544,
135,sat_gss-18_p,840,1.819,1334,3.194,1771,4.368,
136,sat_gss-19_d,91,3.015,157,5.765,225,6.953,
137,sat_gss-19,940,2.569,1466,5.135,1839,5.476,
138,sat_gss-19_p,928,1.923,1437,3.863,1835,4.349,
139,sat_gss-20_d,94,3.112,160,5.267,226,6.458,
140,sat_gss-20,954,2.879,1486,4.568,1839,6.06,
141,sat_gss-20_p,968,1.947,1539,3.663,1825,4.611,
142,sat_gss-22_d,95,2.98,159,5.906,225,5.871,
143,sat_gss-22,1010,2.854,1536,4.9,1859,6.056,
144,sat_gss-22_p,1023,1.709,1531,3.197,1902,4.081,
145,sat_k45_d,101,9.805,202,23.335,303,26.924,
146,sat_k45,302,21.533,604,34.503,906,39.772,
147,sat_k45_p,302,19.881,604,23.453,906,20.127,
148,sat_itox_d,88,6.468,208,17.345,216,18.916,
149,sat_itox,28,20.716,1044,29.277,1941,41.634,
150,sat_itox_p,28,7.316,1119,10.307,1767,13.786,
151,sat_k2fix_d,4770,12.067,4531,47.469,5148,44.887,
152,sat_k2fix,0,6.52,0,10.146,0,12.523,
153,sat_k2fix_p,1297,6.43,1256,8.672,2426,11.753,
154,sat_manol_c10_i_d,1144,34.142,1474,46.992,1710,49.893,
155,sat_manol_c10_i,5755,64.823,8432,165.452,13695,157.42,
156,sat_manol_c10_i_p,5802,31.304,9616,75.87,12427,77.618,
157,sat_manol_c10_d,1325,45.333,1785,69.819,2903,83.753,
158,sat_manol_c10,7106,166.2,12177,288.833,17731,348.765,
159,sat_manol_c10_p,9666,127.858,11268,133.114,17624,154.09,
160,sat_manol_c8_d,1213,29.434,1481,45.526,2042,54.336,
161,sat_manol_c8,5358,125.932,9485,177.624,13347,186.541,
162,sat_manol_c8_p,6535,46.097,8531,83.946,14079,104.3,
163,sat_manol_g10_i_d,987,26.526,1376,55.315,2442,49.524,
164,sat_manol_g10_i,5803,120.887,8701,143.957,11244,194.093,
165,sat_manol_g10_i_p,5958,40.586,8767,75.389,11822,68.068,
166,sat_MD5-28-1_d,448,1.401,650,2.989,827,3.528,
167,sat_MD5-28-1,3483,2.736,5106,4.427,6377,5.531,
168,sat_MD5-28-1_p,3489,1.198,5055,2.084,6469,1.985,
169,sat_MD5-28-2_d,453,1.53,650,4.963,774,3.542,
170,sat_MD5-28-2,3483,2.956,5108,5.341,6447,6.209,
171,sat_MD5-28-2_p,3483,1.222,5026,1.99,6490,1.967,
172,sat_MD5-28-4_d,453,1.123,641,2.983,783,3.346,
173,sat_MD5-28-4,3483,2.765,5080,4.807,6478,6.246,
174,sat_MD5-28-4_p,3483,1.009,5059,1.887,6586,1.928,
175,sat_MD5-29-4_d,496,2.333,743,3.974,817,3.663,
176,sat_MD5-29-4,3855,3.171,5318,4.746,6532,6.047,
177,sat_MD5-29-4_p,3733,1.552,5809,2.055,6990,2.863,
178,sat_MD5-30-4_d,482,1.982,731,4.339,871,4.067,
179,sat_MD5-30-4,4089,3.491,5830,6.317,7021,5.748,
180,sat_MD5-30-4_p,4133,2.007,5827,2.088,7438,2.722,
181,sat_MD5-30-5_d,520,2.14,728,4.796,868,3.986,
182,sat_MD5-30-5,4119,3.588,5910,6.027,7303,6.914,
183,sat_MD5-30-5_p,4088,1.203,5995,2.301,7478,2.765,
184,sat_min_d,1006,46.01,1360,56.1,1499,76.942,
185,sat_min,2170,46.443,8680,81.094,20583,129.623,
186,sat_min_p,2174,29.393,8801,75.278,20253,87.668,
187,sat_p30_d,181,103.073,362,196.831,543,167.54,
188,sat_p30,3226,75.93,6450,115.828,9674,169.028,
189,sat_p30_p,4271,68.274,8542,115.059,12813,137.957,
190,sat_p30_NOT_d,181,26.351,362,34.835,543,43.95,
191,sat_p30_NOT,3226,20.578,6452,35.606,9676,39.097,
192,sat_p30_NOT_p,4271,15.541,8542,27.474,12813,28.993,
193,sat_non_p30_d,181,100.374,362,181.061,543,218.852,
194,sat_non_p30,3225,79.675,6452,138.955,9675,158.45,
195,sat_non_p30_p,4271,74.232,8542,117.287,12813,143.069,
196,sat_post_d,3072,62.594,2740,101.562,3072,138.355,
197,sat_post,1303,95.108,1651,105.808,2139,208.591,
198,sat_post_p,1547,38.356,1802,120.372,1515,113.36,
199,sat_post-ee_d,3048,72.41,2672,95.916,3072,129.952,
200,sat_post-ee,1028,50.388,1314,96.112,1295,130.747,
201,sat_post-ee_p,2707,37.506,1508,64.032,3351,112.035,
202,sat_L100_d,2062,35.701,2317,82.99,2502,86.568,
203,sat_L100,60488,152.944,127384,597.296,157496,420.523,
204,sat_L100_p,60494,117.552,144919,303.455,195456,284.182,
205,sat_L150_d,3372,53.719,2313,110.069,3519,130.658,
206,sat_L150,94463,257.129,257309,1138.62,242474,604.892,
207,sat_L150_p,94469,278.793,315035,1149.764,292162,775.245,
208,sat_L200_d,292162,775.245,292162,775.245,292162,775.245,
209,sat_L200,130938,525.752,430323,1512.706,
210,sat_L200_p,176279,468.144,418381,2915.573,297240,832.616,
211,sat_L80_d,1695,26.733,1903,57.13,1945,56.559,
212,sat_L80,47598,101.44,101371,432.796,111366,285.562,
213,sat_L80_p,47608,96.209,171826,314.179,154075,253.94,
214,sat_k100_1d,680,266.431,1266,822.331,1981,694.122,
215,sat_k100_1,1165,742.489,2338,1286.609,3499,1444.31,
216,sat_k100_1p,1173,343.874,2350,1268.739,3537,1121.685,
217,sat_k100_2d,665,348.359,1422,512.109,2019,650.083,
218,sat_k100_2,1168,709.828,2328,966.447,3496,1444.082,
219,sat_k100_2p,1167,375.414,2340,872.617,3562,875.498,
220,sat_k70_d,701,189.295,1304,535.544,1921,528.758,
221,sat_k70,1164,464.402,2328,725.464,3498,1064.217,
222,sat_k70_p,1176,371.84,2404,741.563,3571,624.821,
223,sat_k75_d,631,281.154,1245,403.209,1938,483.001,
224,sat_k75,1164,587.178,2335,1048.522,3500,1107.825,
225,sat_k75_p,1171,298.012,2341,640.424,3888,744.109,
226,sat_k80_d,622,227.961,1336,518.517,1944,513.333,
227,sat_k80,1164,734.461,2331,1123.853,3496,1145.571,
228,sat_k80_p,1170,567.723,2707,638.372,3563,750.999,
229,sat_k85_2d,631,207.514,1266,502.642,2056,540.49,
230,sat_k85_2,1167,774.107,2328,889.791,3492,1163.628,
231,sat_k85_2p,1173,448.47,2353,662.667,3607,1157.542,
232,sat_k85_3d,627,229.146,1264,596.089,1891,561.321,
233,sat_k85_3,1171,825.807,2332,1023.67,3499,1186.527,
234,sat_k85_3p,1170,567.097,2402,593.105,3525,895.484,
235,sat_k90_d,822,297.475,1357,539.314,1958,636.718,
236,sat_k90,1164,700.039,2332,849.327,3496,1202.454,
237,sat_k90_p,1164,363.914,2349,754.558,3641,883.712,
238,sat_k95_d,685,302.392,1234,623.299,1920,647.728,
239,sat_k95,1167,698.96,2332,1486.654,3496,1537.614,
240,sat_k95_p,1173,354.805,2389,654.363,3633,816.614,
241,sat_slp_d,1008,21.135,1891,18.981,2379,41.778,
242,sat_slp,2477,21.906,3313,38.46,10528,54.246,
243,sat_slp_p,2830,10.283,3512,12.11,10846,22.952,
244,sat_030_d,4554,248.091,1680,109.926,5528,273.967,
245,sat_030,13016,84.575,26032,181.603,39048,181.273,
246,sat_030_p,13016,77.288,26032,130.997,39048,146.108,
247,sat_050_d,7037,481.588,7096,348.121,7081,599.103,
248,sat_050,13016,186.052,26032,282.339,39048,310.041,
249,sat_050_p,13016,144.792,26032,239.918,39048,274.9,
250,sat_UCG-10p0_d,600,33.16,1406,50.869,1630,67.217,
251,sat_UCG-10p0,3316,55.572,8314,87.082,10712,105.558,
252,sat_UCG-10p0_p,3712,25.599,8685,44.137,10853,63.684,
253,sat_UCG-10p1_d,603,38.858,1310,52.742,1593,73.739,
254,sat_UCG-10p1,3636,51.874,9006,106.656,11674,121.929,
255,sat_UCG-10p1_p,4052,34.841,9590,52.131,11668,75.198,
256,sat_UCG-5p0_d,1161,40.167,1785,82.208,2369,80.344,
257,sat_UCG-5p0,6799,57.735,13328,123.95,16108,147.913,
258,sat_UCG-5p0_p,7012,50.76,12024,62.152,16658,99.238,
259,sat_UR-15_d,1552,44.22,3450,88.782,4124,98.135,
260,sat_UR-15,8581,65.733,12821,103.01,15850,116.111,
261,sat_UR-15_p,8605,77.419,14582,97.914,17570,98.132,
262,sat_UR-20_d,2044,55.426,3345,109.521,4980,123.355,
263,sat_UR-20,10798,82.051,15522,118.391,19282,140.129,
264,sat_UR-20_p,11642,54.007,18280,102.902,19672,95.248,
265,sat_UTI_d,149,63.932,316,64.244,773,110.421,
266,sat_UTI,642,62.657,1281,108.968,1914,130.634,
267,sat_UTI_p,827,37.472,1654,67.332,2481,73.52,
268,sat_2.0_d,14400,169.896,4786,445.606,8831,452.803,
269,sat_2.0,69266,323.7,147796,1042.054,159061,909.441,
270,sat_2.0_p,103900,238.761,210240,326.973,248356,545.771,
271,sat_4.0-9_d,11060,280.972,10864,332.272,9122,195.651,
272,sat_4.0-9,67248,271.744,110395,457.723,128907,586.803,
273,sat_4.0-9_p,69702,86.405,138452,156.704,274366,208.208,
274,192bit,7379,3.402,10457,7.196,11902,9.207,
275,2cubes,3652,49.303,8112,62.707,10473,98.685,
276,2D,463,4.32,860,6.004,1226,7.323,
277,3D,6348,86.287,12696,153.571,19044,173.217,
278,ABACUS,208,1.936,430,2.912,628,3.172,
279,af23560,608,2.057,1216,3.575,1824,4.269,
280,af_shell,1765,58.444,3640,85.106,4345,94.348,
281,airfoil,320,2.277,523,3.911,665,4.276,
282,Andrews,4025,12.723,5704,32.205,7616,30.809,
283,appu,13957,1.026,13985,5.152,13999,12.854,
284,as-22,1719,0.944,983,1.898,2167,2.006,
285,astro,3703,7.631,4785,9.787,5393,12.677,
286,atmos,17168,298.764,22599,601.642,31883,802.091,
287,av41092,778,6.741,1044,7.247,1554,12.599,
288,barrier,6974,56.031,10671,67.651,12587,87.832,
289,Baumann,2222,11.918,2982,27.872,4137,29.319,
290,bayer04,53,0.746,106,1.0,157,1.322,
291,bbmat,1140,4.86,2068,14.915,2996,14.663,
292,bcsstk,360,1.665,726,2.174,1080,3.214,
293,Ben,153228,34.771,34830,62.411,69171,52.245,
294,bibd,1111,0.984,1144,3.783,1157,3.625,
295,bips,58,0.349,87,0.607,113,0.694,
296,bloweya,4504,0.992,6066,1.712,6984,1.561,
297,bundle,1327,1.731,1554,1.838,3192,2.548,
298,c-55,3363,9.015,4951,14.756,5859,13.244,
299,c-61,2175,6.898,2845,10.339,3428,10.244,
300,c-64,860,9.094,6181,12.164,7509,19.058,
301,CondMat,3868,9.29,5503,12.501,6518,13.59,
302,cage10,2200,2.463,3421,5.169,4793,5.092,
303,ccc,0,1.816,4681,7.635,4096,4.334,
304,cfd,1524,18.286,2256,29.643,3520,39.804,
305,Chem97Zt,122,0.149,34,0.592,84,0.531,
306,circuit,1478,1.283,2872,2.05,3173,1.614,
307,ckt,116,2.679,219,5.124,582,6.141,
308,cnr,1899,111.199,855,175.158,2297,246.499,
309,conf5_4,0,6.973,12288,10.632,12288,12.217,
310,copter,930,2.277,1652,4.419,1982,4.483,
311,coupled,1715,1.624,2312,3.002,2906,2.86,
312,crash,1704,14.288,2640,23.193,3184,24.245,
313,cryg,200,0.356,269,0.72,370,0.812,
314,crystk,798,1.908,1596,2.611,2310,3.133,
315,d_pretok,2074,30.309,4034,47.714,5506,61.558,
316,dac11,1187,101.686,2179,212.637,3307,252.371,
317,dac14,3953,126.708,5461,158.173,7589,192.393,
318,dac16,7002,108.302,9393,142.49,12013,184.607,
319,dac2,3296,139.087,4572,353.187,6113,404.24,
320,dac3,3058,79.354,4727,241.418,7809,212.441,
321,dac6,2787,150.6,5567,189.011,7008,213.852,
322,dac7,1803,187.281,3877,241.713,5992,377.361,
323,delta,615,3.958,4782,7.317,4846,7.479,
324,denormal,1192,9.012,1608,14.009,2166,22.076,
325,dict,2169,4.687,2288,10.081,3825,10.65,
326,diel,2512,334.662,5510,512.983,12034,562.912,
327,cova2,765,7.462,1236,13.081,1521,15.635,
328,ecl32,1831,7.139,3309,18.223,4187,15.404,
329,Emilia,20286,644.631,41313,1038.708,49956,947.107,
330,epb1,209,0.678,413,1.273,521,1.431,
331,ESOC,153352,132.059,202528,329.918,232822,222.386,
332,Eternity,5176,1.956,3168,7.385,2404,9.18,
333,ex19,0,0.932,171,1.617,117,1.873,
334,F2,888,13.003,2805,25.24,3213,26.601,
335,fd18,140,0.572,290,1.34,430,1.431,
336,fem,2822,28.96,3552,29.505,5723,48.262,
337,finan,147,6.704,220,10.415,293,11.335,
338,flower,4334,14.263,6175,24.957,7192,26.378,
339,foldoc,6107,4.106,7685,8.785,8095,7.685,
340,Franz,19000,24.158,27240,28.654,32690,36.118,
341,G2,780,8.839,1196,15.925,1404,16.279,
342,g7jac,720,0.723,1031,1.54,1293,1.844,
343,garon,542,1.335,849,2.864,1258,2.475,
344,gearbox,272,21.857,2332,37.062,2432,31.607,
345,gemat,35,0.244,51,0.432,69,0.532,
346,graphics,414,0.427,570,0.75,774,0.725,
347,gyro,117,2.327,378,2.591,537,3.576,
348,H2O,11438,73.528,17786,97.441,21319,114.926,
349,HEP,4906,15.344,8444,27.043,9293,25.57,
350,HTC,1550,13.436,2832,24.743,5106,23.892,
351,hvdc1,62,1.021,80,1.242,106,1.778,
352,IG5,10621,12.373,16283,28.18,20947,29.971,
353,Ill,1148,2.646,1572,3.81,2256,5.028,
354,interp,800,7.745,1555,19.508,1915,21.311,
355,IMDB,23393,758.939,36985,973.867,40699,1262.935,
356,ibm01,181,0.551,368,1.501,497,1.563,
357,ibm02,262,1.193,340,1.916,622,2.513,
358,ibm03,969,1.784,1507,4.558,1704,4.777,
359,ibm04,536,2.521,1182,3.546,1761,4.93,
360,ibm05,1756,3.816,2654,6.76,3115,7.244,
361,ibm06,907,3.583,1257,4.586,1710,5.475,
362,ibm07,914,5.238,1782,8.36,2364,9.577,
363,ibm08,1143,4.703,2275,8.811,2434,10.449,
364,ibm09,638,3.832,1368,8.361,1748,8.885,
365,ibm10,1289,8.286,1962,16.322,2440,17.146,
366,ibm11,960,4.96,1826,11.232,2387,12.617,
367,ibm12,2088,10.753,2925,21.795,3893,21.248,
368,ibm13,868,7.481,1232,14.64,1776,14.622,
369,ibm14,1906,23.748,2870,41.503,3314,41.671,
370,ibm15,2657,23.811,4225,39.969,5335,48.541,
371,ibm16,1758,26.448,3802,54.133,3906,55.009,
372,kim1,772,6.995,1248,12.658,1536,12.946,
373,kkt,12066,385.174,14316,526.254,22358,571.75,
374,duct3D,1866,11.528,3732,16.297,4948,19.483,
375,lhr14,97,0.534,162,1.362,254,1.208,
376,li,1978,7.682,4004,12.918,6318,19.04,
377,tissue,484,3.146,798,4.663,954,5.282,
378,Lin,6400,37.772,8294,87.216,12314,78.255,
379,lp_nug,5911,6.97,9438,15.074,11650,11.092,
380,lp_pds,700,4.557,1509,9.718,2120,8.837,
381,lung,4,2.443,12,3.992,16,4.798,
382,m14b,1821,80.721,3820,162.004,6100,172.737,
383,mac,306,21.983,612,34.439,918,41.39,
384,Maragal,2090,1.87,2090,2.81,2124,5.521,
385,mc2depi,769,43.743,1538,60.084,2307,77.772,
386,mixtank,2943,9.615,4362,23.298,5303,21.391,
387,mono,7569,62.192,11839,168.285,14981,141.396,
388,mri1,487,10.903,745,18.548,924,21.787,
389,msc,10683,0.471,6321,4.607,5853,2.335,
390,msdoor,1645,74.141,3129,128.674,4130,161.749,
391,mult_dcop,10021,3.268,13618,7.829,15678,7.027,
392,nasasrb,540,7.509,1080,9.095,1620,12.924,
393,nd12k,36000,7.358,15820,46.06,36000,18.937,
394,net100,13018,5.205,18999,14.944,19956,15.934,
395,nopoly,50,0.587,102,1.19,118,1.108,
396,actors,12715,113.899,16034,189.638,18993,193.154,
397,www,562,16.584,762,43.049,2542,37.867,
398,obstclae,396,1.663,540,3.285,771,3.313,
399,olafu,768,2.229,1020,4.018,1224,3.539,
400,opt1,15291,0.742,8850,5.464,8952,3.638,
401,Oregon,718,0.488,889,0.922,859,0.957,
402,p2p,2829,3.902,3713,8.083,4090,7.44,
403,para,6053,79.083,10021,88.988,13199,121.832,
404,parabolic,1026,51.885,2052,85.859,2972,110.404,
405,Pd,0,0.021,0,0.049,0,0.047,
406,pdb,13526,10.421,15834,17.728,11277,17.126,
407,pds,2962,24.203,3672,49.933,4064,54.453,
408,pesa,70,0.595,111,1.104,166,1.157,
409,PGP,353,0.871,496,1.269,643,1.459,
410,pkustk,2904,15.691,5094,13.224,5508,17.922,
411,poisson3D,4365,30.955,6651,63.638,8668,81.498,
412,poli3,115,0.389,126,0.508,181,0.771,
413,powersim,9,0.322,15,0.539,39,0.655,
414,pre2,3120,70.934,5628,110.588,8112,147.55,
415,Pres,408,3.07,816,4.714,1176,5.713,
416,psse2,80,0.473,182,0.667,232,0.686,
417,qa8fk,670,14.886,4048,40.269,4718,31.417,
418,rajat,27,2.132,159,3.288,163,3.882,
419,Reuters,3247,6.968,5144,10.345,6419,12.397,
420,RFdevice,1743,7.627,2988,15.786,3437,14.559,
421,rgg,895,66.597,1448,126.712,1749,106.188,
422,rim,382,2.922,575,4.234,766,5.582,
423,rma,374,6.31,750,9.081,1700,8.646,
424,Rucci,32706,76.575,51129,794.834,71208,731.149,
425,s4dkt,1206,10.019,2316,15.11,3060,15.808,
426,scfxm,936,3.272,1274,5.924,1451,6.345,
427,scircuit,42,11.26,145,16.558,298,20.682,
428,shallow,640,5.353,1021,9.22,1326,9.461,
429,sherman,4875,4.01,7125,8.652,8360,7.396,
430,ship,31518,5.378,21434,19.901,21975,10.988,
431,shock,212,1.725,395,2.738,514,3.258,
432,shyy,160,2.654,160,4.664,627,6.275,
433,skirt,12,1.029,32,1.606,54,1.994,
434,sme3D,432,5.251,2406,6.641,3537,10.302,
435,soc-sign,4751,16.989,9085,28.443,12749,30.341,
436,sparsine,17262,59.595,24400,134.46,29418,78.393,
437,spmsrtls,6,0.588,12,0.993,18,1.227,
438,std1_Jac3,3835,5.686,4676,6.639,4487,17.646,
439,stokes,644,5.862,1089,9.946,1279,10.874,
440,ted_A,84,0.738,168,1.052,252,1.214,
441,TF16,4647,6.816,7861,9.658,9729,12.806,
442,thermal,247,8.514,497,13.184,740,16.939,
443,therm,277,12.55,572,20.223,848,28.207,
444,tmt,1525,99.242,2458,149.063,3048,155.561,
445,tomogra,1922,13.586,3269,29.463,4402,28.599,
446,torso,5762,75.384,7169,115.43,10048,146.405,
447,Trec,3157,1.798,3157,5.233,3157,4.672,
448,Trefe,13472,14.62,16811,21.409,18148,25.79,
449,TSOPF,7575,3.113,11897,17.799,11073,6.308,
450,us04,144,0.316,143,0.526,150,0.59,
451,usroads,79,4.753,176,8.124,248,8.398,
452,venkat,552,5.259,972,8.006,1328,9.952,
453,vibro,1990,2.776,3308,5.305,3796,5.454,
454,plastic,1519,5.545,2433,7.044,2958,9.084,
455,rocks,326,4.338,652,6.79,978,7.932,
456,wave3D,278,3.844,638,5.906,1050,7.503,
457,wathen120,503,3.132,873,6.084,1098,7.009,
458,water,3026,20.605,4371,20.784,5974,27.327,
459,wang4,1740,2.235,2051,4.743,2953,6.376,
460,xenon,2994,32.791,5963,58.471,7527,61.834,
461,Zhao,614,2.36,1234,4.111,1593,4.848,
462,G67,0,0.275,300,0.55,400,0.583,
463,af101,1700,53.363,3400,78.121,5100,86.943,
464,eco1,2000,90.602,2694,159.571,3706,208.763,
465,ibm18,1651,23.526,2515,43.576,3031,47.005,
466,ibm17,2249,34.173,5216,59.219,5414,83.361,
467,web1M,868,21.578,2157,50.881,2644,60.67,
468,nl120,2644,60.67,2644,60.67,2644,60.67,
469,sat_p,segfault,123.185,segfault,504.18999999999994,segfault,1350.65,
470,wbedu,75027,3838.181,
471,Stanf,1478,20.323,997,40.989,2226,33.026,
472,gene2,11965,120.14,12931,190.255,13193,206.604,
473,Hamr3,1280,120.175,4390,400.735,3840,361.719,
474,StocF,4688,462.516,16383,1213.279,9653,933.006,
475,lang,12522,72.313,18320,91.609,21053,126.511,
476,kron,11563,22.36,18960,67.786,24824,49.206,
477,case39,9067,6.537,12207,10.645,14077,11.377,
478,dac9,3322,32.993,4210,132.95,4814,66.163,
479,dac12,5227,200.825,7586,260.439,9694,432.115,
480,dac19,1058,38.71,2572,72.235,3751,79.898,
481,tran4,51573,9.349,69739,46.66,80534,22.788,
482,Cheb4,1092,7.94,2812,21.785,2120,15.323,
483,sat_d,2120,15.323,2120,15.323,2120,15.323,
484,HV15R,2120,15.323,2120,15.323,2120,15.323,
485,gupta2,18160,32.256,29284,177.841,33339,158.853,
486,ASIC,33339,158.853,33339,158.853,33339,158.853,
487,ASIC320k,146003,103.029,197271,474.507,226376,179.465,
488,wiki-Talk,11050,208.832,10709,359.035,11592,285.977,
481,tran4,51573,9.349,69739,46.66,80534,22.788,
490,Freescal,731,206.693,1558,339.557,1608,456.582,
491,roadNet-CA,235,86.137,382,123.203,629,180.016,
492,delaunay23,629,180.016,629,180.016,629,180.016,
493,coPapersDBLP,177536,132.674,228140,257.062,236128,328.255,
494,dc1,51598,8.257,69797,35.584,79646,14.977,
495,channel,79646,14.977,79646,14.977,79646,14.977,
496,as-Skitter,79646,14.977,79646,14.977,79646,14.977,
497,ASIC_100k,45289,13.253,61381,24.824,70295,23.157,
498,dc2,51511,6.803,69787,41.762,79603,18.459,
499,tran5,51722,8.957,69874,32.756,80532,19.234,
